date,open,high,low,close,volume
2020-01-02,100.0,100.6074,99.3926,100.0,1253268
2020-01-03,100.2441,101.7173,99.3406,100.8138,1024576
2020-01-06,100.7149,101.4855,100.039,100.8097,1841067
2020-01-07,100.8604,101.2312,100.0882,100.459,940251
2020-01-08,100.2845,101.2026,98.9965,99.9145,1074793
2020-01-09,99.9796,100.5953,99.4111,100.0269,1452169
2020-01-10,99.9874,101.5655,98.9776,100.5557,513082
2020-01-13,100.8312,101.909,100.3949,101.4727,1667153
2020-01-14,101.6943,102.3564,100.6547,101.3168,851500
2020-01-15,101.2708,102.8692,97.8038,99.4022,478025
2020-01-16,99.1195,101.3591,93.6054,95.845,1323133
2020-01-17,95.6835,96.1729,95.0409,95.5303,380237
2020-01-20,95.498,95.7213,95.1378,95.3611,1297096
2020-01-21,95.2726,95.7279,94.4397,94.8949,751139
2020-01-22,94.8496,95.2485,94.1719,94.5708,369851
2020-01-23,94.4608,95.6199,93.8374,94.9965,1379498
2020-01-24,95.2002,95.8727,94.6326,95.3051,1693980
2020-01-27,95.1029,96.6012,94.2264,95.7247,1591246
2020-01-28,95.4831,96.3258,93.4667,94.3094,670475
2020-01-29,94.522,95.0517,93.529,94.0587,469258
2020-01-30,94.1019,94.8994,93.3809,94.1785,905365
2020-01-31,94.4128,95.3921,92.6453,93.6246,1678405
2020-02-03,93.4555,93.9725,92.589,93.106,514453
2020-02-04,93.2381,94.4493,92.5595,93.7707,392700
2020-02-05,93.5773,94.2878,92.5549,93.2654,665683
2020-02-06,93.3735,95.237,92.6197,94.4832,1855904
2020-02-07,94.2671,94.7824,93.8802,94.3956,936624
2020-02-10,94.5312,95.4928,93.9411,94.9026,664988
2020-02-11,94.9028,95.1203,94.5762,94.7937,1681230
2020-02-12,95.0174,96.0129,94.396,95.3915,874094
2020-02-13,95.619,96.3123,94.9322,95.6255,268496
2020-02-14,95.7412,96.8682,93.6809,94.8079,964350
2020-02-17,94.9527,95.7411,93.2402,94.0286,1804204
2020-02-18,94.1763,94.9395,92.9218,93.6851,1982685
2020-02-19,93.7743,95.0804,93.1453,94.4513,415121
2020-02-20,94.5392,95.9638,93.8256,95.2503,1107625
2020-02-21,95.2159,96.6123,94.363,95.7595,338289
2020-02-24,96.0134,97.4019,95.2611,96.6496,580546
2020-02-25,96.4124,99.5868,95.1862,98.3607,1839781
2020-02-26,98.1872,98.8862,97.5916,98.2906,451442
2020-02-27,98.1132,101.0204,97.0272,99.9344,1687277
2020-02-28,99.9026,100.4733,99.4235,99.9943,1593639
2020-03-02,99.967,100.8341,99.2012,100.0684,979703
2020-03-03,100.0779,100.2931,99.7513,99.9666,1698928
2020-03-04,99.8507,101.7466,98.9264,100.8223,938136
2020-03-05,100.6786,101.9117,99.837,101.0702,726963
2020-03-06,100.9754,102.0945,100.1428,101.262,613188
2020-03-09,101.4281,103.2119,100.3274,102.1112,1772976
2020-03-10,102.3805,103.1466,100.4675,101.2336,1306460
2020-03-11,101.1252,101.9757,99.2675,100.118,1000812
2020-03-12,100.2927,100.948,99.5497,100.205,1147652
2020-03-13,99.9158,100.8677,99.1145,100.0664,325250
2020-03-16,100.066,101.5638,99.1031,100.6009,679465
2020-03-17,100.4941,100.9057,99.8294,100.241,1869230
2020-03-18,100.5359,101.3841,98.8979,99.7461,269412
2020-03-19,99.8259,100.9816,98.9628,100.1185,785141
2020-03-20,100.407,101.2174,99.648,100.4584,1826599
2020-03-23,100.5868,101.1613,99.516,100.0905,581918
2020-03-24,100.0475,100.7764,99.0107,99.7397,1539441
2020-03-25,99.5573,101.313,98.5356,100.2912,1266369
2020-03-26,100.2481,100.9513,98.912,99.6151,1834116
2020-03-27,99.6864,100.4317,98.0277,98.7731,1158639
2020-03-30,98.7033,99.3624,97.8212,98.4804,1308746
2020-03-31,98.4209,102.1592,96.9986,100.7369,426591
2020-04-01,100.5346,103.2473,99.1282,101.8409,207324
2020-04-02,102.1008,102.6167,101.5246,102.0406,1371490
2020-04-03,101.8087,102.4706,101.2815,101.9434,1849776
2020-04-06,101.6774,102.8759,98.7317,99.9302,1940773
2020-04-07,99.9467,100.1677,99.5925,99.8134,1479703
2020-04-08,99.835,101.5885,95.9181,97.6716,351863
2020-04-09,97.8066,99.704,96.8017,98.6991,1615653
2020-04-10,98.6712,99.728,95.7824,96.8392,516351
2020-04-13,96.6798,97.4805,94.6606,95.4613,1907510
2020-04-14,95.2694,96.6811,94.4138,95.8254,1530887
2020-04-15,96.0906,97.0226,95.6872,96.6192,1705964
2020-04-16,96.7831,97.8578,96.2451,97.3198,851989
2020-04-17,97.039,99.2834,95.8897,98.1341,1808855
2020-04-20,98.3269,98.801,97.6378,98.1119,1579145
2020-04-21,98.3826,99.1128,97.5502,98.2803,1235473
2020-04-22,98.1425,99.9448,97.1164,98.9187,1465856
2020-04-23,98.8488,100.1158,95.7745,97.0415,1348644
2020-04-24,97.09,97.8926,95.6689,96.4715,1742751
2020-04-27,96.6353,100.8133,95.0754,99.2535,384014
2020-04-28,99.1573,103.1061,97.4981,101.447,808776
2020-04-29,101.2894,102.9935,100.4152,102.1193,1173207
2020-04-30,101.8699,104.1397,96.4947,98.7645,211473
2020-05-01,98.8861,99.1252,98.5399,98.779,1221324
2020-05-04,98.9961,99.3534,98.3269,98.6841,1339654
2020-05-05,98.4746,99.6603,95.7432,96.9289,717282
2020-05-06,96.9352,97.9766,96.3717,97.4131,328802
2020-05-07,97.6532,98.0821,96.7345,97.1633,1051704
2020-05-08,97.1788,97.4608,96.7697,97.0517,487576
2020-05-11,97.1672,98.3654,96.591,97.7892,1939353
2020-05-12,97.7581,98.5599,95.8285,96.6303,226702
2020-05-13,96.8645,97.1589,96.5357,96.8301,593043
2020-05-14,97.0884,97.7445,95.6226,96.2787,411925
2020-05-15,96.0358,97.1265,93.9075,94.9982,420067
2020-05-18,95.1772,95.9439,94.2329,94.9995,1337275
2020-05-19,95.1887,99.1262,93.7632,97.7007,227988
2020-05-20,97.5139,100.4066,96.3318,99.2244,1662450
2020-05-21,99.3645,100.5385,98.5462,99.7201,574930
2020-05-22,99.447,99.9111,98.8668,99.331,1195888
2020-05-25,99.4272,99.8554,98.3653,98.7935,1261856
2020-05-26,98.6052,99.6474,97.8155,98.8576,1274979
2020-05-27,99.1485,100.4339,96.7354,98.0208,1281927
2020-05-28,98.2097,99.0408,96.7066,97.5377,1209831
2020-05-29,97.794,98.8283,95.8656,96.8999,865613
2020-06-01,97.0287,100.1575,95.7479,98.8767,923244
2020-06-02,99.0746,99.9052,97.4229,98.2535,1434144
2020-06-03,98.1311,98.687,96.811,97.367,1851427
2020-06-04,97.2183,98.6298,93.7183,95.1298,787524
2020-06-05,95.3053,97.364,94.1732,96.232,1444815
2020-06-08,96.4392,97.2088,95.7793,96.5488,694889
2020-06-09,96.4322,97.0107,95.4725,96.051,1383002
2020-06-10,95.7837,96.1791,95.3071,95.7025,1536468
2020-06-11,95.6097,96.1372,95.0504,95.5778,1403148
2020-06-12,95.3967,95.71,95.0633,95.3766,1354402
2020-06-15,95.5132,96.191,93.9911,94.6689,1280888
2020-06-16,94.5333,95.0421,93.8694,94.3781,1320071
2020-06-17,94.1595,96.152,93.3062,95.2987,357729
2020-06-18,95.4519,97.1604,94.4677,96.1761,396295
2020-06-19,95.9525,96.9849,93.9153,94.9477,248031
2020-06-22,94.7539,95.2653,94.4641,94.9754,850538
2020-06-23,94.8096,96.1189,92.1547,93.464,1439839
2020-06-24,93.436,94.6095,92.7894,93.9629,1951709
2020-06-25,94.0389,94.8942,92.0492,92.9045,1069712
2020-06-26,92.7767,94.0117,89.7644,90.9993,256321
2020-06-29,90.7507,91.5582,89.3455,90.1529,1963353
2020-06-30,90.1458,90.815,89.3271,89.9964,909387
2020-07-01,89.7679,90.4276,88.9719,89.6316,1053017
2020-07-02,89.3838,92.0111,88.3353,90.9626,1817496
2020-07-03,91.067,91.5098,90.7123,91.1551,423856
2020-07-06,91.3948,92.0912,89.5717,90.2682,588017
2020-07-07,90.3564,90.9472,89.9287,90.5195,1264769
2020-07-08,90.7313,92.521,90.0128,91.8026,875132
2020-07-09,91.81,95.5092,90.1662,93.8654,692621
2020-07-10,93.6942,93.8747,93.4628,93.6433,803989
2020-07-13,93.5781,94.7433,92.8794,94.0445,204036
2020-07-14,94.0997,94.6738,93.265,93.8391,389919
2020-07-15,93.8608,95.8137,92.8461,94.799,976099
2020-07-16,94.9267,96.2104,91.8482,93.1319,1601984
2020-07-17,93.0965,94.6539,92.2043,93.7617,247478
2020-07-20,93.4874,95.3032,92.4841,94.2999,536185
2020-07-21,94.1516,96.2571,93.1471,95.2525,905157
2020-07-22,95.4408,97.1569,94.486,96.202,1427907
2020-07-23,96.3538,96.9966,95.3825,96.0253,691561
2020-07-24,96.0911,97.1234,93.4134,94.4457,1720469
2020-07-27,94.6684,95.7453,92.3315,93.4084,1308942
2020-07-28,93.328,94.24,91.4848,92.3969,1764749
2020-07-29,92.2815,93.5991,91.7418,93.0595,1560100
2020-07-30,92.928,94.1345,92.4479,93.6544,1542217
2020-07-31,93.9111,94.9087,92.3155,93.313,1976351
2020-08-03,93.3529,93.8452,92.4241,92.9163,1357921
2020-08-04,93.0628,93.8232,92.5472,93.3076,625864
2020-08-05,93.243,94.2304,92.544,93.5314,989511
2020-08-06,93.5588,94.4941,91.3712,92.3066,1187535
2020-08-07,92.195,93.8852,91.51,93.2002,1988782
2020-08-10,93.4225,93.7247,93.0677,93.3699,1492605
2020-08-11,93.1232,93.8331,92.1651,92.8749,371827
2020-08-12,92.9123,93.7359,91.4788,92.3024,559652
2020-08-13,92.4904,93.1611,91.6267,92.2973,1805409
2020-08-14,92.3836,92.7105,92.0909,92.4178,674893
2020-08-17,92.4988,93.6636,90.3305,91.4952,1890772
2020-08-18,91.4536,92.478,89.5958,90.6203,546742
2020-08-19,90.4544,91.0742,89.6362,90.2561,1910173
2020-08-20,90.4442,91.7303,89.8084,91.0944,1108796
2020-08-21,91.2323,91.5832,90.7871,91.138,241399
2020-08-24,91.0459,91.6693,89.7157,90.3392,1061677
2020-08-25,90.3012,90.6772,89.9346,90.3106,913750
2020-08-26,90.316,90.6645,89.9479,90.2964,437198
2020-08-27,90.0367,90.7218,88.6214,89.3064,919622
2020-08-28,89.1871,90.4113,86.6708,87.895,1161236
2020-08-31,87.6487,87.99,87.3686,87.7098,668250
2020-09-01,87.688,88.9573,86.8499,88.1192,1623643
2020-09-02,88.0657,88.4675,87.817,88.2188,1722120
2020-09-03,88.4714,89.1853,87.3985,88.1124,1834032
2020-09-04,88.2609,90.2484,87.4596,89.4472,924762
2020-09-07,89.5802,90.1992,88.4441,89.0631,1567341
2020-09-08,88.8064,89.0437,88.4543,88.6916,456972
2020-09-09,88.6204,90.0038,87.9154,89.2987,421318
2020-09-10,89.35,91.3944,88.4466,90.491,705553
2020-09-11,90.2529,91.143,88.354,89.2441,1253528
2020-09-14,89.4156,90.6673,88.5799,89.8316,933152
2020-09-15,89.9414,92.747,88.9298,91.7355,1439831
2020-09-16,91.9967,95.0111,90.82,93.8345,244291
2020-09-17,93.7905,94.3737,93.3423,93.9255,1642481
2020-09-18,93.7513,94.5919,93.0695,93.9101,1766095
2020-09-21,93.6936,97.9708,92.1142,96.3914,1029608
2020-09-22,96.2566,97.4347,95.4973,96.6753,1756527
2020-09-23,96.5643,97.2633,95.1536,95.8527,1328060
2020-09-24,96.1154,97.0225,94.4687,95.3758,1534350
2020-09-25,95.2,95.8136,94.25,94.8635,1353880
2020-09-28,94.9723,95.6877,94.54,95.2553,1659866
2020-09-29,94.991,96.1191,92.9195,94.0476,1567028
2020-09-30,94.0741,95.0075,93.3467,94.2801,1741944
2020-10-01,94.5026,97.4697,93.1127,96.0798,1917496
2020-10-02,95.8532,97.1027,95.0494,96.2989,1282373
2020-10-05,96.2207,104.3511,93.3171,101.4475,453823
2020-10-06,101.5459,102.2635,100.0082,100.7258,968882
2020-10-07,100.4511,103.304,99.1408,101.9937,1241764
2020-10-08,102.2251,104.1156,101.3918,103.2823,1927766
2020-10-09,103.3015,104.1999,102.0258,102.9242,928443
2020-10-12,102.8239,107.5862,100.7247,105.487,656082
2020-10-13,105.1782,106.4191,102.7956,104.0365,1196178
2020-10-14,103.8306,104.7435,102.1959,103.1088,1761781
2020-10-15,103.1551,104.0466,102.6046,103.4961,1991400
2020-10-16,103.2213,105.7972,102.0819,104.6578,1605146
2020-10-19,104.4494,107.0683,103.1418,105.7607,1091596
2020-10-20,105.9381,107.9018,105.0,106.9637,1250610
2020-10-21,106.7307,107.1494,106.2115,106.6302,1327859
2020-10-22,106.3687,107.0934,105.9124,106.6371,933458
2020-10-23,106.7434,107.5786,105.4794,106.3146,1875255
2020-10-26,106.1154,107.1889,105.3718,106.4452,1400976
2020-10-27,106.6143,115.4871,103.4864,112.3591,1491342
2020-10-28,112.0438,113.0043,110.6434,111.6039,1359760
2020-10-29,111.9029,112.2723,111.4919,111.8613,1472520
2020-10-30,111.7972,112.5357,110.9188,111.6572,586072
2020-11-02,111.9745,112.6521,111.1524,111.83,899206
2020-11-03,111.7086,112.4946,109.7882,110.5742,1134019
2020-11-04,110.6538,111.3807,109.7465,110.4735,1610916
2020-11-05,110.2267,111.1415,108.5271,109.4419,1893160
2020-11-06,109.1465,110.0482,108.4978,109.3995,922875
2020-11-09,109.0822,110.2664,108.2725,109.4568,668165
2020-11-10,109.5346,110.4664,108.8726,109.8043,470080
2020-11-11,109.7852,112.1302,108.6302,110.9752,1456870
2020-11-12,110.8139,112.1575,109.8328,111.1764,620785
2020-11-13,111.4124,112.1045,109.9434,110.6355,1500174
2020-11-16,110.5994,112.0124,109.6971,111.1102,1940611
2020-11-17,111.3484,112.2918,109.7529,110.6964,1257401
2020-11-18,110.6652,111.7476,110.1343,111.2166,791257
2020-11-19,111.0267,112.2262,108.6449,109.8444,1258692
2020-11-20,109.5989,110.5019,107.5339,108.437,787834
2020-11-23,108.263,109.4786,107.6982,108.9138,1406374
2020-11-24,109.2238,109.6332,108.8666,109.276,813983
2020-11-25,109.4063,110.3586,108.0026,108.9548,1243376
2020-11-26,108.7976,109.6542,107.5042,108.3607,828761
2020-11-27,108.3511,109.0704,107.6234,108.3427,1896703
2020-11-30,108.0809,108.6405,107.5081,108.0677,426653
2020-12-01,107.8566,108.9806,107.2253,108.3493,1450766
2020-12-02,108.0884,108.9314,106.4111,107.2541,1552452
2020-12-03,107.0791,111.0301,105.3231,109.2742,221706
2020-12-04,109.366,110.4073,108.513,109.5543,699979
2020-12-07,109.5243,111.9742,108.2469,110.6967,800685
2020-12-08,110.5292,112.0369,109.9411,111.4489,796071
2020-12-09,111.1903,112.4687,110.4075,111.6858,995143
2020-12-10,111.5989,113.0334,108.6677,110.1022,578138
2020-12-11,109.8725,111.1013,108.9478,110.1765,1896846
2020-12-14,110.0788,117.7305,107.2889,114.9406,1634425
2020-12-15,114.9846,116.4184,114.0352,115.4691,1425683
2020-12-16,115.263,116.261,112.9928,113.9908,1609876
2020-12-17,113.9476,115.0352,112.3794,113.467,1273678
2020-12-18,113.6249,114.8108,112.6618,113.8477,1063049
2020-12-21,113.6473,116.7636,104.9478,108.0642,1904585
2020-12-22,107.9219,108.6456,106.2185,106.9422,1861094
2020-12-23,107.1627,108.7345,103.8857,105.4576,1218126
2020-12-24,105.6935,105.8825,105.4731,105.6621,1323035
2020-12-25,105.5528,107.5552,104.5659,106.5683,1288656
2020-12-28,106.7762,107.404,105.3609,105.9886,1433722
2020-12-29,105.8213,106.4921,104.5226,105.1935,1727827
2020-12-30,105.2544,106.3279,103.5597,104.6332,293687
2020-12-31,104.4993,105.2204,102.9766,103.6977,552457
2021-01-01,103.7632,104.1557,103.0547,103.4473,676925
2021-01-04,103.2921,104.0025,102.5079,103.2183,252653
2021-01-05,102.9547,103.7245,101.1935,101.9632,929888
2021-01-06,102.2457,103.1991,100.5888,101.5422,1106398
2021-01-07,101.4913,101.8891,100.9524,101.3502,1043774
2021-01-08,101.2122,102.6069,98.2571,99.6518,960025
2021-01-11,99.511,100.7036,98.9057,100.0983,1323097
2021-01-12,100.0717,100.63,99.6516,100.2099,1861967
2021-01-13,100.3502,101.1361,99.4377,100.2236,1975671
2021-01-14,100.0456,100.4649,99.0222,99.4414,959119
2021-01-15,99.2364,101.9665,97.8887,100.6188,826523
2021-01-18,100.8476,101.7475,99.0375,99.9375,1255322
2021-01-19,99.7902,100.9666,97.541,98.7175,1135263
2021-01-20,98.5155,99.968,95.5771,97.0296,897373
2021-01-21,96.985,97.5047,96.2606,96.7803,1962147
2021-01-22,96.8091,98.0281,96.1759,97.3949,1000705
2021-01-25,97.5978,98.2648,96.261,96.928,503412
2021-01-26,96.8728,97.7043,95.8196,96.6511,318034
2021-01-27,96.3835,97.5775,95.69,96.884,606784
2021-01-28,97.0903,97.603,96.1829,96.6956,1671661
2021-01-29,96.8279,98.0454,93.8175,95.035,714243
2021-02-01,94.7629,95.1094,94.2977,94.6442,227269
2021-02-02,94.8635,95.4464,93.9083,94.4912,303113
2021-02-03,94.6156,96.545,93.8218,95.7512,531948
2021-02-04,95.7793,100.195,93.8232,98.2389,1778251
2021-02-05,98.4803,100.1122,94.8842,96.5162,1903872
2021-02-08,96.7145,97.4312,95.7438,96.4606,1959475
2021-02-09,96.4197,97.3094,96.0108,96.9006,556831
2021-02-10,96.6562,97.4796,96.2952,97.1186,404320
2021-02-11,97.3746,98.0801,96.6279,97.3334,945891
2021-02-12,97.5693,98.6384,94.6912,95.7603,1756635
2021-02-15,95.6148,96.4216,95.2783,96.0852,1260395
2021-02-16,96.0697,96.5011,95.8111,96.2425,865854
2021-02-17,96.3618,97.8049,95.6905,97.1335,574423
2021-02-18,97.0907,97.9892,96.6154,97.5139,331455
2021-02-19,97.2581,98.9087,96.4216,98.0722,701587
2021-02-22,97.816,98.4244,96.5637,97.1721,322489
2021-02-23,97.1167,97.6465,96.5722,97.102,469778
2021-02-24,97.1734,98.116,95.5056,96.4482,1717781
2021-02-25,96.4375,97.3461,95.1245,96.033,1574827
2021-02-26,96.1764,97.0936,94.0203,94.9376,349945
2021-03-01,94.6761,95.3307,94.087,94.7416,1001528
2021-03-02,94.5811,96.0648,93.9342,95.4179,948526
2021-03-03,95.345,95.884,94.6661,95.2051,1395041
2021-03-04,95.0039,96.3359,94.2184,95.5504,1943999
2021-03-05,95.6998,96.399,94.4696,95.1688,1115285
2021-03-08,94.9571,95.7277,93.0271,93.7978,835099
2021-03-09,93.874,94.7354,93.1373,93.9987,1048844
2021-03-10,94.0793,95.5353,93.3884,94.8444,375765
2021-03-11,94.887,95.2286,94.1088,94.4505,742017
2021-03-12,94.4578,95.4758,93.7553,94.7734,211046
2021-03-15,94.9235,96.2255,92.3508,93.6528,1494953
2021-03-16,93.3848,94.9344,92.4458,93.9954,1431231
2021-03-17,93.8579,94.2163,93.4061,93.7644,561473
2021-03-18,93.641,94.2893,93.2335,93.8818,1500909
2021-03-19,94.0687,96.4845,93.0502,95.466,1704047
2021-03-22,95.2213,95.9739,94.8878,95.6404,1425374
2021-03-23,95.383,97.2104,94.4362,96.2637,1428183
2021-03-24,96.4366,96.9732,95.4919,96.0285,1273994
2021-03-25,95.8421,96.3772,95.437,95.9721,1589992
2021-03-26,95.9505,96.6961,95.6347,96.3803,318107
2021-03-29,96.385,96.891,95.3052,95.8113,968339
2021-03-30,95.6315,95.8853,95.2691,95.5229,975332
2021-03-31,95.2678,95.8885,94.8235,95.4442,1217907
2021-04-01,95.4608,96.6625,94.633,95.8347,978719
2021-04-02,95.7368,96.4955,94.373,95.1316,467051
2021-04-05,95.3794,95.675,95.0915,95.3871,1802824
2021-04-06,95.6005,96.6487,93.0752,94.1234,948096
2021-04-07,94.0351,96.5797,92.88,95.4246,203307
2021-04-08,95.7068,96.7695,93.4961,94.5587,603079
2021-04-09,94.7169,96.3816,93.9777,95.6425,815335
2021-04-12,95.5372,100.3917,93.819,98.6736,348078
2021-04-13,98.5614,100.2683,93.7152,95.4222,1933879
2021-04-14,95.6154,96.2851,95.2663,95.936,1852146
2021-04-15,95.7371,96.2529,94.5768,95.0927,1372191
2021-04-16,95.3152,95.5536,95.1234,95.3618,364445
2021-04-19,95.1178,95.7704,94.2793,94.9319,602158
2021-04-20,94.8227,95.1596,94.3296,94.6664,308017
2021-04-21,94.9463,95.2524,94.4938,94.8,658153
2021-04-22,95.0081,95.3524,94.7011,95.0455,1056474
2021-04-23,94.9004,95.6559,94.4497,95.2052,1183524
2021-04-26,95.3868,96.1412,93.7114,94.4658,1003359
2021-04-27,94.4036,94.9566,93.7133,94.2663,1452179
2021-04-28,94.161,94.8621,93.0011,93.7022,1907075
2021-04-29,93.5689,94.4659,92.0003,92.8973,1131427
2021-04-30,92.6897,93.0879,91.8992,92.2974,568283
2021-05-03,92.2761,93.6333,89.0092,90.3664,1284093
2021-05-04,90.507,91.9035,89.9445,91.341,1136366
2021-05-05,91.5186,92.4111,90.983,91.8755,1912196
2021-05-06,91.8262,93.5614,86.8287,88.5639,361489
2021-05-07,88.5306,90.6348,87.5573,89.6615,1116853
2021-05-10,89.5478,91.1123,88.8904,90.4549,1798801
2021-05-11,90.6369,92.6087,89.6915,91.6634,1823659
2021-05-12,91.8119,93.7728,90.751,92.7119,1417834
2021-05-13,92.7262,92.8438,92.6055,92.7231,1849882
2021-05-14,92.9513,93.982,90.3644,91.3951,841067
2021-05-17,91.2852,92.0547,89.3337,90.1032,1599955
2021-05-18,89.9398,91.4647,88.9919,90.5169,1803843
2021-05-19,90.5261,91.3149,88.4998,89.2885,960151
2021-05-20,89.5003,90.3235,88.1786,89.0018,1566780
2021-05-21,88.9806,90.0644,88.5182,89.6021,1362197
2021-05-24,89.8464,90.3818,89.1399,89.6753,833790
2021-05-25,89.6314,91.055,88.8065,90.2301,1047339
2021-05-26,90.4166,91.1567,88.9142,89.6544,968895
2021-05-27,89.7599,90.3598,89.3793,89.9793,307047
2021-05-28,89.9873,90.575,88.6391,89.2268,957783
2021-05-31,89.1165,89.974,88.6912,89.5487,551861
2021-06-01,89.6552,89.8324,89.3812,89.5584,474139
2021-06-02,89.5744,90.0436,89.0613,89.5305,254204
2021-06-03,89.4814,90.6985,88.7898,90.0069,1769574
2021-06-04,90.1156,91.007,87.8509,88.7423,1769567
2021-06-07,88.8615,89.4549,88.0766,88.67,952662
2021-06-08,88.4938,89.5826,86.4429,87.5318,506674
2021-06-09,87.3525,88.3355,86.5953,87.5783,1005788
2021-06-10,87.4092,88.3495,86.7735,87.7138,1929699
2021-06-11,87.6855,87.9634,87.3249,87.6027,1380481
2021-06-14,87.7618,88.4245,86.3402,87.0029,1030665
2021-06-15,87.1488,87.3914,86.8116,87.0542,682063
2021-06-16,87.2029,89.2265,86.1507,88.1743,457576
2021-06-17,87.9626,89.266,87.2636,88.5669,268612
2021-06-18,88.5473,88.9097,87.9132,88.2756,1867178
2021-06-21,88.265,89.956,84.1681,85.8591,657976
2021-06-22,85.965,86.7175,84.9058,85.6583,801166
2021-06-23,85.8676,86.3734,84.9158,85.4215,1513158
2021-06-24,85.1871,85.6542,84.9224,85.3895,1074430
2021-06-25,85.6104,85.7503,85.3831,85.523,1565639
2021-06-28,85.5827,86.9551,84.8865,86.259,648765
2021-06-29,86.3315,87.256,85.6787,86.6032,850347
2021-06-30,86.3656,87.2653,85.6671,86.5668,1669040
2021-07-01,86.6496,87.0927,85.8446,86.2877,1068765
2021-07-02,86.4922,87.2352,84.9256,85.6686,1934613
2021-07-05,85.4117,86.3897,83.7319,84.7098,201878
2021-07-06,84.752,87.3734,83.8197,86.4411,947030
2021-07-07,86.324,87.3582,85.6542,86.6884,1358024
2021-07-08,86.4331,87.3298,84.9975,85.8942,931220
2021-07-09,86.0801,90.8284,84.213,88.9613,1310202
2021-07-12,88.9748,89.54,87.942,88.5073,1631178
2021-07-13,88.4428,89.727,87.6542,88.9384,1033797
2021-07-14,89.121,89.916,87.7783,88.5733,1124055
2021-07-15,88.6359,89.1463,87.7138,88.2241,1334210
2021-07-16,88.2574,88.5197,87.9803,88.2425,1969912
2021-07-19,88.2716,89.6812,87.6269,89.0365,1439540
2021-07-20,89.0905,89.3448,88.7306,88.9848,1121800
2021-07-21,88.7246,91.6111,87.3342,90.2208,672402
2021-07-22,90.1998,91.8508,89.3106,90.9616,1991933
2021-07-23,90.954,91.6373,89.5488,90.2322,1811332
2021-07-26,90.3063,91.4365,87.4628,88.593,566748
2021-07-27,88.4491,89.7833,87.7805,89.1147,1081381
2021-07-28,89.3051,90.0475,88.8322,89.5747,1998435
2021-07-29,89.5707,91.6885,88.7892,90.9069,1255256
2021-07-30,91.0608,91.6409,89.5883,90.1683,1408019
2021-08-02,90.0257,90.408,89.198,89.5802,1202149
2021-08-03,89.8423,91.8012,88.8629,90.8218,1819693
2021-08-04,90.5618,91.2185,90.0323,90.6891,871681
2021-08-05,90.5152,92.1465,89.7565,91.3877,529219
2021-08-06,91.4085,92.3404,89.8616,90.7936,1456659
2021-08-09,90.8943,91.7342,89.7229,90.5629,1498909
2021-08-10,90.5724,92.032,89.6993,91.159,318110
2021-08-11,90.9076,92.8901,90.1507,92.1333,917761
2021-08-12,91.909,93.3824,91.2737,92.7471,1683813
2021-08-13,92.6629,93.6177,90.9743,91.9292,1963484
2021-08-16,91.9112,92.4041,91.4186,91.9114,567681
2021-08-17,92.1533,93.1231,89.75,90.7198,1803502
2021-08-18,90.843,92.4321,90.2235,91.8126,1181774
2021-08-19,91.7837,93.0364,91.1546,92.4072,1215097
2021-08-20,92.5172,93.6609,89.9808,91.1246,1047446
2021-08-23,90.8738,91.2866,90.5977,91.0106,909871
2021-08-24,90.951,91.4567,90.5299,91.0356,998197
2021-08-25,91.2829,92.4782,89.0261,90.2214,734962
2021-08-26,90.2619,91.3936,89.818,90.9497,1720919
2021-08-27,91.2078,91.4688,90.9501,91.2111,1681648
2021-08-30,91.0236,91.4801,89.9803,90.4368,892314
2021-08-31,90.6389,91.4697,89.0885,89.9193,744218
2021-09-01,89.6593,91.7414,88.6475,90.7295,1916128
2021-09-02,90.5321,90.9997,90.2431,90.7107,1108341
2021-09-03,90.5444,93.8413,88.9927,92.2895,427611
2021-09-06,92.0537,98.0834,89.6229,95.6527,604776
2021-09-07,95.4351,96.1799,95.0349,95.7797,1968750
2021-09-08,95.8775,96.7018,94.1006,94.925,776013
2021-09-09,94.8133,96.0287,93.9597,95.175,1716211
2021-09-10,95.3104,95.7335,94.8964,95.3195,1529645
2021-09-13,95.17,95.926,93.5838,94.3398,921542
2021-09-14,94.1326,94.9531,92.8132,93.6337,1913341
2021-09-15,93.797,94.6336,93.3224,94.159,1055048
2021-09-16,94.1323,95.3137,93.4746,94.656,617696
2021-09-17,94.8641,95.2722,94.2422,94.6504,1918676
2021-09-20,94.3722,96.7139,93.1927,95.5344,1782040
2021-09-21,95.4824,96.5713,94.9143,96.0031,997273
2021-09-22,95.9732,96.5001,95.1288,95.6557,287160
2021-09-23,95.8094,97.4896,95.0227,96.7029,1754436
2021-09-24,96.7673,97.5149,96.3228,97.0704,1859937
2021-09-27,97.266,98.1101,95.2099,96.054,547078
2021-09-28,95.9712,97.7539,95.2944,97.0772,1597271
2021-09-29,97.2282,97.767,96.5042,97.043,475140
2021-09-30,96.8805,97.0211,96.7272,96.8677,1602941
2021-10-01,96.9193,97.5949,95.3751,96.0507,1867247
2021-10-04,96.1685,97.7859,95.2142,96.8316,332283
2021-10-05,96.7341,97.1356,96.4702,96.8718,1092331
2021-10-06,96.8493,97.4182,96.127,96.6959,1498288
2021-10-07,96.4105,98.1979,95.6831,97.4705,630540
2021-10-08,97.2342,98.6988,96.4346,97.8992,1802186
2021-10-11,97.6759,98.0316,97.3766,97.7324,1061669
2021-10-12,97.869,98.7588,95.8304,96.7202,442086
2021-10-13,96.4555,98.5542,91.0767,93.1754,1445972
2021-10-14,93.2998,93.8186,92.9881,93.5069,800258
2021-10-15,93.4396,96.6344,92.1365,95.3313,1152021
2021-10-18,95.3234,104.8542,91.9745,101.5053,285317
2021-10-19,101.604,102.0352,101.2138,101.645,1591714
2021-10-20,101.9086,102.3514,101.2617,101.7046,1172353
2021-10-21,101.5539,102.199,101.092,101.7372,270990
2021-10-22,102.0032,102.4914,101.09,101.5782,1599744
2021-10-25,101.4076,101.8952,100.4045,100.8921,1550411
2021-10-26,100.715,101.5073,99.5532,100.3455,249781
2021-10-27,100.0547,100.4446,99.1949,99.5848,1266793
2021-10-28,99.7416,99.9438,99.5083,99.7104,295570
2021-10-29,99.8266,101.0663,99.0398,100.2796,514841
2021-11-01,100.1415,101.2375,97.823,98.919,1928932
2021-11-02,98.7457,100.6131,97.6568,99.5242,740173
2021-11-03,99.4017,100.6148,98.8132,100.0264,820155
2021-11-04,99.8203,100.7701,99.0992,100.0491,414032
2021-11-05,100.0045,100.5454,99.4959,100.0368,1339815
2021-11-08,99.9214,100.637,99.3208,100.0364,794913
2021-11-09,100.2755,101.9342,99.5052,101.1639,949214
2021-11-10,101.0927,103.4297,100.113,102.45,1826208
2021-11-11,102.6653,106.0192,101.1695,104.5234,1357753
2021-11-12,104.3544,104.9683,104.0065,104.6204,1130082
2021-11-15,104.7091,106.0003,102.1757,103.4668,986174
2021-11-16,103.4269,106.9337,101.7562,105.2629,1782017
2021-11-17,105.1983,105.6691,104.1132,104.5841,468140
2021-11-18,104.3075,105.9284,103.3889,105.0098,1693060
2021-11-19,104.8239,105.8013,104.227,105.2044,340801
2021-11-22,105.4457,106.4036,104.6244,105.5823,325832
2021-11-23,105.4075,106.2799,103.7591,104.6314,1048099
2021-11-24,104.6965,105.2943,103.3951,103.9928,752607
2021-11-25,103.8368,106.0837,102.9409,105.1877,1012083
2021-11-26,105.0607,105.9807,103.6123,104.5323,1004708
2021-11-29,104.6563,105.2759,104.3199,104.9395,1277763
2021-11-30,104.7133,105.8875,104.1092,105.2833,340567
2021-12-01,105.5926,107.692,104.4276,106.527,1618760
2021-12-02,106.5463,106.977,105.953,106.3837,406566
2021-12-03,106.2164,107.8901,105.3783,107.052,281214
2021-12-06,107.3105,108.289,105.0882,106.0668,1926069
2021-12-07,105.8545,106.5988,105.1485,105.8928,1282495
2021-12-08,105.764,109.5511,104.0167,107.8038,419696
2021-12-09,107.6487,109.0264,107.0851,108.4628,248073
2021-12-10,108.1442,108.8432,106.6103,107.3093,712889
2021-12-13,107.2174,109.1716,106.4037,108.3578,453033
2021-12-14,108.2403,109.3254,106.5459,107.6309,811854
2021-12-15,107.6558,108.4015,107.1052,107.8509,970267
2021-12-16,107.9361,108.5397,107.0724,107.6759,1239355
2021-12-17,107.8716,108.9381,105.7043,106.7707,586165
2021-12-20,106.9274,108.982,106.0867,108.1412,1877459
2021-12-21,107.9048,111.9703,106.2673,110.3328,1293552
2021-12-22,110.6422,112.7944,109.4679,111.6201,819188
2021-12-23,111.6039,112.3087,111.0318,111.7365,1664722
2021-12-24,111.9479,112.4974,111.0125,111.562,401658
2021-12-27,111.5865,112.3694,110.6873,111.4702,430599
2021-12-28,111.2348,111.708,110.6958,111.169,835691
2021-12-29,110.9965,111.3021,110.3615,110.6671,1258145
2021-12-30,110.7936,112.0631,109.8833,111.1528,1689778
2021-12-31,110.9638,111.811,110.5537,111.4008,791147
2022-01-03,111.6388,112.6101,110.0505,111.0218,309924
2022-01-04,111.2502,112.365,109.5094,110.6241,1550225
2022-01-05,110.5943,111.6794,108.3442,109.4293,1291367
2022-01-06,109.7099,110.5936,107.4255,108.3092,1918435
2022-01-07,108.498,109.9442,107.6243,109.0705,1167178
2022-01-10,109.3399,109.7782,108.7599,109.1981,808660
2022-01-11,109.4494,109.8268,109.2057,109.5831,567306
2022-01-12,109.4756,110.8382,105.9807,107.3433,449870
2022-01-13,107.0446,111.9292,105.2635,110.148,1465282
2022-01-14,110.4394,111.3347,109.0282,109.9235,1604516
2022-01-17,109.7537,112.6225,108.3539,111.2227,297983
2022-01-18,111.4748,111.9375,110.8649,111.3276,725783
2022-01-19,111.5719,114.1326,110.4682,113.029,1323989
2022-01-20,113.1262,113.5974,112.1662,112.6374,229897
2022-01-21,112.7506,114.2177,112.0561,113.5232,1222174
2022-01-24,113.3077,114.339,112.5532,113.5845,408528
2022-01-25,113.3544,113.7577,112.4167,112.82,1318690
2022-01-26,113.0929,114.6553,109.5066,111.0691,451725
2022-01-27,111.1343,112.4135,110.2338,111.513,605379
2022-01-28,111.1844,113.6378,110.2022,112.6555,849001
2022-01-31,112.9571,114.3898,112.2214,113.6541,332698
2022-02-01,113.5392,113.9142,112.9117,113.2867,751533
2022-02-02,113.4432,114.3361,112.3733,113.2662,1632771
2022-02-03,113.3628,114.6045,110.9582,112.1999,300355
2022-02-04,111.9895,112.7218,111.6099,112.3422,765143
2022-02-07,112.1554,112.7978,111.7222,112.3646,1225810
2022-02-08,112.2641,112.8591,111.7871,112.382,1014460
2022-02-09,112.6198,114.7563,111.4665,113.6029,1536712
2022-02-10,113.509,113.8906,113.0153,113.3969,654718
2022-02-11,113.3855,114.8009,110.0735,111.4889,226219
2022-02-14,111.237,114.2616,109.9999,113.0245,1115230
2022-02-15,112.7681,113.9357,111.9727,113.1403,1428110
2022-02-16,113.1939,113.945,111.2945,112.0455,1730313
2022-02-17,112.2229,112.6438,111.5062,111.9271,1352815
2022-02-18,112.2238,113.5768,108.5523,109.9053,1630097
2022-02-21,109.955,111.2114,107.0422,108.2986,1993772
2022-02-22,108.2278,109.768,107.5486,109.0888,444172
2022-02-23,109.3781,112.01,108.1321,110.764,985727
2022-02-24,110.7498,112.952,109.7312,111.9333,904292
2022-02-25,112.0904,112.8476,110.0832,110.8404,862789
2022-02-28,110.5102,111.0615,110.058,110.6093,1038576
2022-03-01,110.67,115.2013,108.6003,113.1316,1469814
2022-03-02,113.2502,115.3931,112.1146,114.2575,653420
2022-03-03,114.2163,114.7727,113.8442,114.4006,710114
2022-03-04,114.1063,119.4343,112.2055,117.5335,1447486
2022-03-07,117.6119,117.9152,117.3537,117.657,1104751
2022-03-08,117.4528,118.0179,116.9461,117.5112,311378
2022-03-09,117.4224,118.0186,116.1783,116.7745,1069000
2022-03-10,116.6464,117.5108,115.6365,116.5009,1757784
2022-03-11,116.7412,118.2599,116.1414,117.6601,562606
2022-03-14,117.811,118.6049,116.9607,117.7546,1547262
2022-03-15,117.8514,119.1056,114.9419,116.1961,1934523
2022-03-16,115.8803,117.328,115.029,116.4766,1732746
2022-03-17,116.6293,117.5713,114.5618,115.5039,1868924
2022-03-18,115.8433,117.8324,114.6582,116.6473,1817656
2022-03-21,116.8061,117.4211,116.2583,116.8733,930572
2022-03-22,117.1535,118.1191,115.1919,116.1575,667920
2022-03-23,116.3614,116.5488,116.1559,116.3432,728852
2022-03-24,116.1098,116.9237,114.8387,115.6526,906416
2022-03-25,115.4545,116.7746,114.7095,116.0295,786906
2022-03-28,116.3068,117.5887,115.3049,116.5868,1770578
2022-03-29,116.3521,116.8934,115.663,116.2044,1454528
2022-03-30,116.4916,117.2767,115.5533,116.3384,1204228
2022-03-31,116.427,117.6744,115.5036,116.751,1455932
2022-04-01,116.6529,117.4339,115.4185,116.1996,1994884
2022-04-04,116.3554,117.2321,114.728,115.6047,443784
2022-04-05,115.6019,116.5206,113.6529,114.5716,1618696
2022-04-06,114.533,118.0826,112.9275,116.4771,1063350
2022-04-07,116.8216,119.0885,110.5705,112.8374,367098
2022-04-08,112.5112,113.1826,111.7544,112.4258,611085
2022-04-11,112.6457,113.942,110.4125,111.7087,931412
2022-04-12,111.4392,112.2771,109.924,110.7619,1611918
2022-04-13,110.4632,113.324,109.4047,112.2655,926646
2022-04-14,112.3753,113.5246,110.3977,111.547,1438986
2022-04-15,111.3558,112.3497,110.8098,111.8038,1895236
2022-04-18,112.0625,112.8838,111.4379,112.2592,265275
2022-04-19,112.0598,113.7261,108.628,110.2944,1183490
2022-04-20,110.2769,111.4787,109.8,111.0018,751070
2022-04-21,111.0067,111.772,109.8174,110.5828,1930054
2022-04-22,110.6837,112.4328,106.3101,108.0593,1501393
2022-04-25,107.7511,112.4005,106.0852,110.7346,936835
2022-04-26,110.4486,112.4287,105.722,107.7021,226187
2022-04-27,107.5639,109.4311,106.5383,108.4056,615615
2022-04-28,108.5442,109.0563,107.8197,108.3318,1384990
2022-04-29,108.2745,108.8171,107.9104,108.453,1431434
2022-05-02,108.7649,109.066,108.353,108.6541,668244
2022-05-03,108.9477,110.3606,107.9445,109.3574,1817033
2022-05-04,109.4523,110.2077,108.8539,109.6092,1204493
2022-05-05,109.6419,112.744,108.273,111.375,983049
2022-05-06,111.0577,112.2075,109.2247,110.3745,1870595
2022-05-09,110.6401,112.4643,109.6553,111.4795,1911321
2022-05-10,111.1833,112.7553,110.2641,111.8361,1450133
2022-05-11,111.9336,112.6775,110.1362,110.8802,1343188
2022-05-12,111.1611,113.5459,110.2465,112.6314,1073010
2022-05-13,112.5759,114.6745,111.7934,113.892,532003
2022-05-16,113.6958,114.8618,111.102,112.268,306597
2022-05-17,111.9488,113.6561,110.9093,112.6165,463686
2022-05-18,112.5803,113.3484,111.7199,112.488,1779114
2022-05-19,112.3383,114.1042,111.3795,113.1454,1771980
2022-05-20,113.2407,114.2401,111.6285,112.6279,1959686
2022-05-23,112.3836,112.8302,112.0355,112.482,693351
2022-05-24,112.5487,113.4207,112.0046,112.8766,1624520
2022-05-25,113.1344,114.914,112.2695,114.049,1496466
2022-05-26,114.2829,115.8952,111.1345,112.7468,930645
2022-05-27,112.9207,114.0335,111.1235,112.2363,1919542
2022-05-30,111.9899,114.3886,110.8149,113.2135,1870332
2022-05-31,113.5442,114.8244,111.1688,112.449,1944617
2022-06-01,112.6971,113.7992,109.6876,110.7897,1465490
2022-06-02,110.4821,112.7667,109.3973,111.682,1354725
2022-06-03,111.9269,112.4412,111.2042,111.7185,1500017
2022-06-06,111.4047,112.1761,110.0903,110.8617,654350
2022-06-07,110.7166,112.4953,109.9652,111.7439,1303633
2022-06-08,111.6087,112.56,109.2158,110.167,1897603
2022-06-09,110.4802,111.6488,108.2681,109.4367,1344269
2022-06-10,109.4999,111.1784,108.4096,110.0881,1325571
2022-06-13,110.0472,111.1169,108.406,109.4757,1179327
2022-06-14,109.6488,109.8964,109.4287,109.6763,1351505
2022-06-15,109.7176,110.4354,108.7622,109.48,985065
2022-06-16,109.2144,109.7385,108.4074,108.9316,1683734
2022-06-17,109.1018,109.6887,108.7183,109.3051,880820
2022-06-20,109.3822,110.8182,106.4702,107.9062,1930577
2022-06-21,107.6014,108.2532,106.883,107.5349,1639309
2022-06-22,107.6511,108.2847,106.2141,106.8477,1740282
2022-06-23,106.8029,107.9983,104.7563,105.9516,549320
2022-06-24,106.1557,108.9726,104.8223,107.6392,1180206
2022-06-27,107.8485,108.1618,107.1873,107.5006,755964
2022-06-28,107.2864,107.9932,106.4587,107.1654,577832
2022-06-29,106.9071,107.5707,106.0454,106.709,1018930
2022-06-30,106.8903,107.8375,106.4755,107.4226,1740139
2022-07-01,107.2016,109.4329,105.9177,108.1491,1417992
2022-07-04,108.1238,110.3165,106.9533,109.1459,212671
2022-07-05,109.3304,111.6437,108.2532,110.5665,1277306
2022-07-06,110.2853,111.4797,109.7857,110.9802,1415202
2022-07-07,111.0669,112.0313,109.6787,110.6431,571685
2022-07-08,110.6186,111.7585,109.99,111.1299,836360
2022-07-11,111.1407,111.5416,110.7749,111.1758,1550980
2022-07-12,110.9633,111.5459,109.6277,110.2103,1542000
2022-07-13,109.9226,112.4166,108.8994,111.3934,526572
2022-07-14,111.7201,112.6015,110.715,111.5964,1902974
2022-07-15,111.5775,113.9084,104.8949,107.2258,318887
2022-07-18,107.3994,108.6276,106.7925,108.0207,875296
2022-07-19,108.0908,109.1774,107.4375,108.5241,1969113
2022-07-20,108.6178,109.7924,107.9879,109.1624,605648
2022-07-21,109.2322,110.2512,107.3568,108.3758,1169633
2022-07-22,108.428,109.4885,107.9477,109.0082,397447
2022-07-25,108.823,109.209,108.1212,108.5072,578623
2022-07-26,108.7993,110.5064,107.7691,109.4762,1955536
2022-07-27,109.6604,110.5838,108.2232,109.1466,1720920
2022-07-28,109.119,111.5741,108.2166,110.6717,1559715
2022-07-29,110.8905,113.0037,109.7412,111.8544,243509
2022-08-01,111.9654,112.5252,111.2223,111.7821,1353493
2022-08-02,111.8042,112.3155,111.1638,111.6751,1255067
2022-08-03,111.6226,112.209,110.776,111.3624,979739
2022-08-04,111.2943,112.5559,110.3522,111.6139,825626
2022-08-05,111.3938,113.0075,110.3319,111.9455,804275
2022-08-08,111.6381,112.2089,110.9627,111.5335,219982
2022-08-09,111.8616,115.4658,110.2356,113.8399,1274765
2022-08-10,114.0597,115.2343,113.2922,114.4669,1426020
2022-08-11,114.5691,115.0062,113.9698,114.407,1310447
2022-08-12,114.3795,117.035,113.0522,115.7076,476184
2022-08-15,115.8184,117.7277,114.6152,116.5244,554995
2022-08-16,116.5073,117.8659,115.6149,116.9735,523413
2022-08-17,116.7321,120.9597,114.7476,118.9752,1075742
2022-08-18,118.8179,119.4864,117.7087,118.3772,661271
2022-08-19,118.3331,119.5573,115.5452,116.7695,828242
2022-08-22,117.0297,118.3825,116.493,117.8457,1245021
2022-08-23,117.839,118.7378,116.7018,117.6005,1183468
2022-08-24,117.3772,118.3008,116.6797,117.6033,1131968
2022-08-25,117.9205,119.3685,114.0532,115.5012,1650054
2022-08-26,115.5809,117.1014,114.5904,116.1109,1973782
2022-08-29,116.2944,116.952,115.2078,115.8654,1856891
2022-08-30,115.6213,116.5924,113.1832,114.1543,1608368
2022-08-31,113.8741,114.8571,111.4953,112.4783,1326662
2022-09-01,112.3482,113.747,111.6286,113.0274,559885
2022-09-02,113.3499,114.073,112.4179,113.141,664216
2022-09-05,113.2386,118.5224,111.2371,116.5209,1119399
2022-09-06,116.452,118.0736,113.2743,114.8959,1784627
2022-09-07,114.7673,115.5168,113.7961,114.5457,843854
2022-09-08,114.4279,116.1656,113.4369,115.1746,1805113
2022-09-09,114.9884,116.003,114.5379,115.5524,1931725
2022-09-12,115.391,116.1363,114.4293,115.1746,741410
2022-09-13,115.4061,116.6148,113.3002,114.5089,1359464
2022-09-14,114.3386,115.1023,113.2053,113.969,549792
2022-09-15,113.6615,115.5706,112.5526,114.4617,778379
2022-09-16,114.2993,115.9989,113.5045,115.2041,615451
2022-09-19,115.0977,116.3419,112.5005,113.7447,657585
2022-09-20,113.8097,116.0436,112.6614,114.8953,1685904
2022-09-21,115.1215,116.8684,114.095,115.842,616874
2022-09-22,115.8659,116.3219,115.0143,115.4703,650987
2022-09-23,115.6218,116.5918,113.6665,114.6365,633798
2022-09-26,114.822,115.7496,112.9035,113.8312,1823301
2022-09-27,113.9176,116.5365,112.4897,115.1085,1667297
2022-09-28,114.905,119.4086,102.6816,107.1852,593652
2022-09-29,107.3479,108.0389,106.6708,107.3618,1663402
2022-09-30,107.5793,109.8302,101.4533,103.7042,980127
2022-10-03,103.7974,105.1893,100.7515,102.1434,504982
2022-10-04,102.2128,102.8385,101.6401,102.2658,691705
2022-10-05,102.3703,103.1947,101.7276,102.5521,1130527
2022-10-06,102.5389,106.9019,100.7325,105.0954,771183
2022-10-07,105.1213,106.635,101.7431,103.2568,1587602
2022-10-10,103.0461,104.896,102.1658,104.0156,279959
2022-10-11,103.8002,104.7389,101.2885,102.2271,314939
2022-10-12,102.372,102.8175,101.2966,101.7421,326143
2022-10-13,101.452,104.3829,100.1813,103.1122,1706537
2022-10-14,103.0852,104.9676,98.33,100.2124,1185413
2022-10-17,100.2132,101.78,99.259,100.8258,696444
2022-10-18,100.921,101.8116,99.4408,100.3315,841768
2022-10-19,100.5837,101.7576,97.9767,99.1506,970462
2022-10-20,99.1723,100.0702,98.6405,99.5383,379081
2022-10-21,99.5792,100.2345,98.7268,99.3821,1376290
2022-10-24,99.2989,100.138,97.9188,98.7579,352776
2022-10-25,99.0158,99.7334,98.2557,98.9733,1547831
2022-10-26,99.2365,99.8169,98.1916,98.7719,602438
2022-10-27,98.6161,100.5079,97.9063,99.7981,724582
2022-10-28,100.0706,100.9612,98.5253,99.4159,478606
2022-10-31,99.3347,99.9355,98.5551,99.1559,1421660
2022-11-01,99.2045,100.2766,97.4159,98.488,328272
2022-11-02,98.5966,99.163,98.2144,98.7807,845333
2022-11-03,98.8508,100.5425,98.2137,99.9055,1389496
2022-11-04,100.1041,100.3953,99.4664,99.7577,1292565
2022-11-07,100.0092,100.9934,98.2685,99.2527,1276092
2022-11-08,99.2863,100.288,98.7994,99.8012,1608645
2022-11-09,99.9568,108.2001,96.8988,105.142,1439104
2022-11-10,105.0777,106.6196,101.1586,102.7005,916674
2022-11-11,102.476,102.7896,102.2974,102.611,566626
2022-11-14,102.4882,105.445,101.1971,104.1539,1604129
2022-11-15,104.0315,105.5827,103.0164,104.5676,1870764
2022-11-16,104.4026,105.6656,103.4739,104.7369,513459
2022-11-17,105.0275,105.9042,104.6041,105.4809,838498
2022-11-18,105.4241,105.9985,104.7615,105.3358,1752730
2022-11-21,105.1087,108.7085,103.4322,107.032,1418093
2022-11-22,107.2206,108.3406,104.7144,105.8345,724963
2022-11-23,105.8298,106.5531,105.0301,105.7534,1561470
2022-11-24,105.8061,106.4057,105.1973,105.7969,873581
2022-11-25,106.038,106.6211,105.75,106.333,606515
2022-11-28,106.2078,107.5295,105.3306,106.6523,1102336
2022-11-29,106.8962,108.6847,105.7714,107.5598,298585
2022-11-30,107.4079,108.6233,104.4863,105.7017,1840322
2022-12-01,105.4991,105.9073,105.0225,105.4307,1419864
2022-12-02,105.6891,106.4569,104.4566,105.2244,1175441
2022-12-05,105.25,105.6447,104.3042,104.699,1104490
2022-12-06,104.5386,105.269,103.5564,104.2869,419461
2022-12-07,104.4748,106.3641,103.5851,105.4744,1895367
2022-12-08,105.3102,108.7705,103.9817,107.442,285598
2022-12-09,107.2164,108.6795,106.4138,107.8769,663694
2022-12-12,108.0227,109.369,105.3557,106.702,306363
2022-12-13,106.4068,107.3215,104.8859,105.8007,246865
2022-12-14,105.9973,106.6965,105.0926,105.7918,779947
2022-12-15,105.8094,106.6092,104.4706,105.2704,1022843
2022-12-16,105.5647,109.0684,104.177,107.6806,1333185
2022-12-19,107.5101,108.9864,106.6818,108.1581,1433366
2022-12-20,107.8419,108.7474,106.5669,107.4724,1675530
2022-12-21,107.617,108.2318,106.3188,106.9336,763801
2022-12-22,106.7604,109.272,105.5325,108.044,1424964
2022-12-23,108.3603,109.4455,106.5606,107.6459,890933
2022-12-26,107.6368,108.5468,107.0889,107.999,1163998
2022-12-27,107.8056,109.449,107.0153,108.6587,839890
2022-12-28,108.3665,109.6036,105.289,106.5261,1307224
2022-12-29,106.7844,107.3601,106.5089,107.0846,1178112
2022-12-30,107.1103,109.1995,101.697,103.7862,1221379
2023-01-02,103.9191,105.4628,103.275,104.8186,1779880
2023-01-03,105.0858,106.0726,103.0886,104.0755,330369
2023-01-04,103.8712,105.0513,103.3142,104.4944,577639
2023-01-05,104.5464,105.0917,104.0302,104.5754,1773971
2023-01-06,104.2912,104.5318,103.8554,104.096,1719314
2023-01-09,103.8921,104.5577,103.5846,104.2502,1118168
2023-01-10,104.5089,105.2621,103.5159,104.2692,905907
2023-01-11,104.0179,105.3151,103.0797,104.3769,443955
2023-01-12,104.288,105.2021,102.1459,103.06,362040
2023-01-13,103.1723,104.3622,100.5997,101.7897,1030721
2023-01-16,102.0187,103.023,101.3381,102.3425,1674467
2023-01-17,102.3231,102.7387,101.7009,102.1165,1820045
2023-01-18,102.4071,102.8359,101.3617,101.7905,529081
2023-01-19,101.9761,104.3201,101.0994,103.4434,462283
2023-01-20,103.7376,105.1877,100.8213,102.2715,1562404
2023-01-23,102.111,102.6233,101.858,102.3704,258959
2023-01-24,102.3899,108.0665,100.2906,105.9672,410964
2023-01-25,106.227,107.1473,104.5607,105.481,971321
2023-01-26,105.5618,106.3412,104.1663,104.9457,1606201
2023-01-27,105.1231,106.1648,103.5177,104.5594,1311882
2023-01-30,104.6036,105.1799,103.7919,104.3682,666925
2023-01-31,104.3535,105.5224,101.2931,102.462,358914
2023-02-01,102.2675,102.7318,101.501,101.9653,1471583
2023-02-02,102.0551,102.8423,100.6629,101.4501,1171622
2023-02-03,101.3039,102.3778,100.8253,101.8992,472381
2023-02-06,101.6727,102.1753,100.9825,101.485,738270
2023-02-07,101.3962,101.7821,100.521,100.9069,711744
2023-02-08,100.8398,101.5625,100.4455,101.1682,333830
2023-02-09,101.1392,101.5261,100.8306,101.2174,1730726
2023-02-10,101.3458,101.6405,100.848,101.1427,642936
2023-02-13,101.2454,103.6687,94.5143,96.9376,242179
2023-02-14,96.666,97.4548,96.0078,96.7966,469916
2023-02-15,96.7514,97.1472,96.3032,96.699,695666
2023-02-16,96.8408,97.9515,94.6364,95.7471,1196268
2023-02-17,95.6679,96.255,95.3883,95.9754,279926
2023-02-20,95.9715,97.74,95.0921,96.8606,1971823
2023-02-21,96.7659,97.7286,96.0777,97.0405,602965
2023-02-22,97.2342,98.9168,96.2125,97.895,1143704
2023-02-23,98.023,98.5626,97.2948,97.8344,1334807
2023-02-24,97.9234,99.3161,97.1156,98.5083,1290860
2023-02-27,98.5254,99.4704,97.1417,98.0867,1040137
2023-02-28,98.1008,98.8764,97.6988,98.4743,224081
2023-03-01,98.2902,98.6015,97.7003,98.0116,1388496
2023-03-02,98.2392,100.4086,97.3312,99.5006,1607649
2023-03-03,99.7598,100.3307,98.3299,98.9008,454915
2023-03-06,98.9965,99.6393,98.5424,99.1853,1554267
2023-03-07,99.4533,99.9853,98.6298,99.1618,872120
2023-03-08,99.4552,100.3798,98.787,99.7116,862275
2023-03-09,99.767,100.3731,99.048,99.6541,207351
2023-03-10,99.7598,100.3096,98.8034,99.3532,884300
2023-03-13,99.1386,99.6979,97.9348,98.4941,1352878
2023-03-14,98.6756,99.2421,98.1273,98.6938,1279219
2023-03-15,98.6299,99.0284,97.9945,98.3929,634531
2023-03-16,98.2209,99.3958,97.3688,98.5438,1332509
2023-03-17,98.5294,100.3986,97.5057,99.3749,822570
2023-03-20,99.2357,100.5716,98.4594,99.7952,1650278
2023-03-21,99.7381,100.5269,98.3058,99.0946,522001
2023-03-22,98.8196,99.4499,97.2431,97.8734,590133
2023-03-23,98.0257,98.9371,96.5095,97.4209,851074
2023-03-24,97.2536,99.0895,96.4668,98.3027,706149
2023-03-27,98.3173,99.0258,97.1079,97.8163,1462389
2023-03-28,97.752,99.0522,94.8941,96.1943,1861132
2023-03-29,95.955,99.2394,94.4441,97.7285,1620953
2023-03-30,97.5688,100.1168,90.8802,93.4281,257958
2023-03-31,93.334,93.7103,92.8794,93.2558,1519965
2023-04-03,93.4882,93.9123,93.1235,93.5476,466624
2023-04-04,93.3072,98.1494,91.6032,96.4454,759682
2023-04-05,96.6544,97.0412,95.7162,96.1029,968944
2023-04-06,95.915,101.3376,93.8892,99.3118,1501535
2023-04-07,99.5976,100.5207,98.0798,99.003,1387129
2023-04-10,98.7321,99.4757,98.3258,99.0694,557967
2023-04-11,99.1045,100.2274,96.9118,98.0347,1141190
2023-04-12,97.8808,102.423,95.9336,100.4757,232184
2023-04-13,100.3082,100.7628,99.5434,99.998,1193993
2023-04-14,99.9091,100.229,99.2342,99.554,1410649
2023-04-17,99.3499,99.8359,98.7518,99.2378,1707449
2023-04-18,99.4346,100.8247,98.5565,99.9466,1458575
2023-04-19,100.0122,101.0835,97.0743,98.1456,1943586
2023-04-20,98.3848,99.709,95.7999,97.1242,1362711
2023-04-21,96.8955,98.1315,96.0926,97.3287,1736655
2023-04-24,97.1716,97.7181,96.6608,97.2073,833453
2023-04-25,97.2378,98.146,96.5629,97.4711,1557117
2023-04-26,97.6998,98.2219,96.6162,97.1382,755518
2023-04-27,96.8555,98.0321,96.2999,97.4765,1715425
2023-04-28,97.2167,100.1533,95.9924,98.929,201922
2023-05-01,98.9401,99.1182,98.6477,98.8258,748383
2023-05-02,98.536,99.109,97.3353,97.9083,492978
2023-05-03,97.8984,99.4495,94.2,95.7511,502702
2023-05-04,95.9418,96.5062,94.5625,95.1269,1348070
2023-05-05,95.2931,96.6806,94.4702,95.8577,1558549
2023-05-08,95.8854,97.386,95.1762,96.6768,1642825
2023-05-09,96.5081,98.0669,95.6092,97.168,646665
2023-05-10,97.0359,97.4668,96.7577,97.1887,1673172
2023-05-11,96.8995,97.3902,95.9551,96.4458,1293243
2023-05-12,96.5202,106.1271,93.1633,102.7702,770231
2023-05-15,102.7311,104.7436,101.6769,103.6894,1426079
2023-05-16,103.9664,107.0912,102.4051,105.5299,1102480
2023-05-17,105.3457,105.8004,104.9056,105.3603,786625
2023-05-18,105.2121,105.7219,104.6973,105.2071,1189732
2023-05-19,104.9643,105.6026,104.2133,104.8516,456625
2023-05-22,104.5509,104.7079,104.3343,104.4914,1136895
2023-05-23,104.5391,105.4706,102.3438,103.2753,971366
2023-05-24,103.4001,103.8206,102.6191,103.0395,1314324
2023-05-25,103.2379,103.7316,102.2485,102.7422,1586854
2023-05-26,102.9539,103.3451,102.6149,103.006,1464956
2023-05-29,102.7982,104.3238,101.8346,103.3602,430685
2023-05-30,103.5745,104.8344,100.7047,101.9646,1698829
2023-05-31,102.0609,104.7582,100.853,103.5503,327455
2023-06-01,103.5417,104.3763,102.08,102.9146,1490785
2023-06-02,102.9125,104.0355,99.9648,101.0878,1471831
2023-06-05,101.3581,101.9808,100.9665,101.5892,950920
2023-06-06,101.4114,103.3674,100.5532,102.5092,761055
2023-06-07,102.685,103.03,102.2681,102.6131,1689252
2023-06-08,102.5595,103.2135,102.238,102.8921,811253
2023-06-09,102.8402,104.815,102.0434,104.0183,1230080
2023-06-12,104.1135,104.7131,103.5409,104.1405,1111578
2023-06-13,104.0103,106.0706,102.9275,104.9878,1623497
2023-06-14,104.7603,106.7955,103.7052,105.7404,333632
2023-06-15,105.4505,105.8885,104.8006,105.2386,1863043
2023-06-16,105.1347,106.1547,103.4691,104.4891,1317244
2023-06-19,104.1802,105.0781,102.7911,103.6891,1656401
2023-06-20,103.517,107.0595,101.9019,105.4444,1628081
2023-06-21,105.3547,106.3062,103.3189,104.2704,1143994
2023-06-22,104.5645,105.3882,102.3209,103.1446,830166
2023-06-23,103.2767,103.8345,102.2655,102.8233,1487952
2023-06-26,102.6006,103.5273,100.6761,101.6028,776243
2023-06-27,101.5463,102.3846,100.8304,101.6687,1666959
2023-06-28,101.4141,103.3657,96.969,98.9206,498518
2023-06-29,98.8473,99.7171,98.2737,99.1435,1694931
2023-06-30,99.142,100.7032,98.5507,100.1119,1912429
2023-07-03,100.3655,101.4032,98.2672,99.305,687609
2023-07-04,99.0462,99.4697,98.188,98.6115,671127
2023-07-05,98.6471,99.0085,97.9141,98.2755,1612093
2023-07-06,98.0012,98.6961,97.1491,97.844,1089675
2023-07-07,98.0788,99.1712,95.2152,96.3077,1661461
2023-07-10,96.0805,97.0895,94.4388,95.4479,1130704
2023-07-11,95.2106,95.9163,93.7521,94.4578,328526
2023-07-12,94.3681,94.8631,93.2513,93.7463,1859822
2023-07-13,93.7467,96.661,92.3426,95.2568,922654
2023-07-14,95.4703,96.3429,93.6784,94.551,872451
2023-07-17,94.811,95.5783,94.3579,95.1252,1059851
2023-07-18,95.1429,96.0297,93.7792,94.666,1613137
2023-07-19,94.6325,95.8648,94.0796,95.312,1983680
2023-07-20,95.2251,97.1113,94.3163,96.2025,1094873
2023-07-21,96.2023,96.7066,95.2529,95.7572,1611377
2023-07-24,95.6181,96.393,95.0561,95.8311,837357
2023-07-25,96.0095,97.0129,95.2895,96.2928,372419
2023-07-26,96.4939,96.8761,96.1168,96.4989,1002808
2023-07-27,96.7662,97.7787,96.0107,97.0231,1174295
2023-07-28,96.9901,97.4937,96.6047,97.1082,1650472
2023-07-31,97.2487,97.6248,96.731,97.1071,1809015
2023-08-01,97.3936,98.9298,94.1248,95.661,1171465
2023-08-02,95.9475,96.723,94.6492,95.4247,329518
2023-08-03,95.4153,97.1563,94.7485,96.4895,441579
2023-08-04,96.729,97.6627,96.2788,97.2125,905795
2023-08-07,97.0234,98.0987,95.1489,96.2242,1018393
2023-08-08,96.0181,96.8269,94.6763,95.4851,1436258
2023-08-09,95.3771,97.756,94.5121,96.891,430965
2023-08-10,96.8812,97.4884,95.9593,96.5665,364715
2023-08-11,96.758,97.713,94.9104,95.8655,614864
2023-08-14,95.705,98.2418,94.694,97.2307,1527386
2023-08-15,97.2026,98.2593,96.4806,97.5373,249894
2023-08-16,97.7219,98.3696,97.0391,97.6868,552519
2023-08-17,97.6667,99.1287,96.7679,98.2299,1821548
2023-08-18,98.2971,99.2045,97.9013,98.8086,1011735
2023-08-21,99.1037,99.5523,98.7253,99.1739,572659
2023-08-22,99.1435,100.8803,98.1368,99.8737,1190532
2023-08-23,99.6248,101.0852,98.664,100.1244,433298
2023-08-24,100.1039,100.9784,99.6585,100.5329,1521161
2023-08-25,100.8104,102.3394,100.113,101.6419,649291
2023-08-28,101.7715,103.6164,100.9037,102.7486,304221
2023-08-29,102.7727,103.1501,102.4552,102.8326,523429
2023-08-30,102.6547,103.6426,102.2078,103.1957,1239048
2023-08-31,103.2242,105.5172,102.1212,104.4143,230497
2023-09-01,104.663,105.4618,103.5942,104.393,1148023
2023-09-04,104.0947,105.3122,103.5476,104.7651,1053269
2023-09-05,104.6473,108.263,103.1296,106.7452,1917156
2023-09-06,106.5356,107.6793,106.0043,107.148,380670
2023-09-07,106.8344,108.2267,105.9101,107.3024,1281347
2023-09-08,107.1086,108.1451,104.8816,105.918,352556
2023-09-11,105.6813,106.6796,104.9809,105.9792,1526241
2023-09-12,105.8397,106.724,104.4236,105.3078,633303
2023-09-13,105.0534,105.2343,104.9167,105.0975,1556607
2023-09-14,104.8435,107.1761,103.5472,105.8798,1265556
2023-09-15,105.9601,110.6881,104.3032,109.0312,427324
2023-09-18,108.7604,109.7429,107.2819,108.2644,508708
2023-09-19,108.1293,108.7143,107.6976,108.2826,448477
2023-09-20,108.1636,108.8891,107.225,107.9506,1329603
2023-09-21,108.0629,110.9492,106.662,109.5483,1521595
2023-09-22,109.3383,111.0184,108.4279,110.108,1342645
2023-09-25,110.203,110.8348,109.7031,110.3349,744471
2023-09-26,110.1196,110.3895,109.7608,110.0306,590375
2023-09-27,109.7869,112.1244,108.794,111.1315,1451471
2023-09-28,110.9116,111.5846,110.4245,111.0975,1923193
2023-09-29,111.418,112.6028,108.38,109.5648,551720
2023-10-02,109.8641,111.5096,106.4378,108.0833,1611268
2023-10-03,107.8569,109.0252,105.909,107.0773,1001513
2023-10-04,106.9813,107.4873,106.2554,106.7615,1171966
2023-10-05,107.0158,108.3333,106.34,107.6575,1865724
2023-10-06,107.4844,108.1849,106.9063,107.6068,1496451
2023-10-09,107.8534,108.2794,107.3225,107.7486,1778143
2023-10-10,107.9248,110.2842,106.6907,109.0501,1818381
2023-10-11,109.0696,110.9657,108.0835,109.9796,1091806
2023-10-12,110.1882,110.9103,108.7998,109.5219,204945
2023-10-13,109.2394,110.1022,107.7302,108.5931,822396
2023-10-16,108.6729,109.341,107.8753,108.5434,1967715
2023-10-17,108.6688,109.1088,108.0861,108.5261,1212041
2023-10-18,108.5608,109.5748,107.7548,108.7688,1991938
2023-10-19,108.9719,109.5953,108.0748,108.6982,1659377
2023-10-20,108.5464,109.4659,108.0873,109.0067,359435
2023-10-23,108.738,109.2018,108.3274,108.7912,1203918
2023-10-24,108.8878,109.8931,108.0644,109.0698,492446
2023-10-25,108.9854,109.505,108.7343,109.2539,1058291
2023-10-26,109.5282,110.2475,108.157,108.8763,1350343
2023-10-27,108.9519,109.7157,108.1117,108.8755,1637468
2023-10-30,108.9979,110.1798,108.3129,109.4948,1362160
2023-10-31,109.7086,110.4805,108.6419,109.4138,1699389
2023-11-01,109.7294,110.0141,109.4403,109.7249,701780
