date,open,high,low,close,volume,close_a,close_b
2020-01-02,1.0,1.00189,0.99811,1.0,274953,100.0,100.0
2020-01-03,1.00139,1.010005,0.996962,1.005578,843478,100.9069,100.3472
2020-01-06,1.005267,1.00707,1.00159,1.003392,896336,99.119,98.784
2020-01-07,1.00048,1.011959,0.99579,1.007269,697243,100.4596,99.7345
2020-01-08,1.010074,1.014451,1.000549,1.004926,634123,101.8596,101.3604
2020-01-09,1.00683,1.01277,0.99168,0.997621,1105718,99.13,99.3664
2020-01-10,0.998959,1.013222,0.993634,1.007897,878674,97.737,96.9713
2020-01-13,1.010129,1.025551,1.004608,1.020031,729781,98.7673,96.8278
2020-01-14,1.02252,1.027405,1.010534,1.015419,943368,97.3038,95.8263
2020-01-15,1.014429,1.019435,1.003035,1.008041,818562,96.6461,95.8751
2020-01-16,1.008712,1.010649,1.006224,1.008161,611730,95.4567,94.684
2020-01-17,1.008819,1.010893,1.007581,1.009655,1014951,96.9119,95.9852
2020-01-20,1.008245,1.010374,1.006593,1.008722,1896142,98.0619,97.214
2020-01-21,1.007039,1.036559,0.996352,1.025871,1110320,98.5189,96.0344
2020-01-22,1.023495,1.044469,1.015779,1.036753,1275601,99.6794,96.1457
2020-01-23,1.037744,1.040785,1.03268,1.03572,1971765,100.28,96.8215
2020-01-24,1.037466,1.040589,1.03041,1.033533,1304500,99.8444,96.6049
2020-01-27,1.035151,1.039462,1.032622,1.036933,601980,100.4036,96.8274
2020-01-28,1.03579,1.047938,1.03011,1.042258,917252,99.4646,95.4319
2020-01-29,1.040415,1.045102,1.02962,1.034307,1078357,100.524,97.1897
2020-01-30,1.034019,1.040674,1.017606,1.024261,1054608,100.0636,97.6935
2020-01-31,1.024549,1.039373,1.019162,1.033986,469121,100.2267,96.9323
2020-02-03,1.036586,1.038475,1.03269,1.034579,390504,99.9373,96.597
2020-02-04,1.036906,1.040777,1.03513,1.039,829998,101.4882,97.6787
2020-02-05,1.041594,1.046732,1.030383,1.035521,1845671,100.6791,97.2255
2020-02-06,1.037698,1.049531,1.032241,1.044075,1491159,100.4364,96.1966
2020-02-07,1.046985,1.057825,1.042758,1.053599,1715093,100.2138,95.1157
2020-02-10,1.053381,1.056249,1.046746,1.049614,514031,100.6966,95.9368
2020-02-11,1.046764,1.087931,1.032222,1.073388,945692,102.6751,95.6551
2020-02-12,1.070706,1.086024,1.06439,1.079708,1246432,104.061,96.3789
2020-02-13,1.078997,1.080964,1.076857,1.078824,981769,104.7572,97.1031
2020-02-14,1.077256,1.08347,1.073836,1.08005,950061,107.774,99.7861
2020-02-17,1.077911,1.098875,1.069244,1.090208,847624,108.0543,99.1134
2020-02-18,1.093172,1.103376,1.088972,1.099176,292843,107.9429,98.2034
2020-02-19,1.097168,1.107287,1.092459,1.102578,1743000,106.5988,96.6814
2020-02-20,1.105617,1.114187,1.083443,1.092013,1879535,107.5418,98.4803
2020-02-21,1.093722,1.097044,1.086179,1.089501,345524,108.8271,99.8871
2020-02-24,1.090422,1.098023,1.072621,1.080222,944485,107.7194,99.7197
2020-02-25,1.081363,1.086422,1.067668,1.072727,1132100,105.3662,98.2228
2020-02-26,1.071642,1.078119,1.056301,1.062778,1611067,104.3149,98.153
2020-02-27,1.063711,1.095459,1.051716,1.083464,1976144,106.9354,98.6977
2020-02-28,1.081427,1.094713,1.075307,1.088593,949364,108.7413,99.8917
2020-03-02,1.091452,1.098138,1.074719,1.081404,1548061,109.1745,100.9562
2020-03-03,1.080118,1.08234,1.075919,1.078141,1887248,108.1087,100.2733
2020-03-04,1.076557,1.087134,1.071476,1.082053,1694536,107.956,99.7696
2020-03-05,1.083424,1.095177,1.052511,1.064264,722846,106.8958,100.4411
2020-03-06,1.065263,1.067439,1.061927,1.064103,1671483,106.8734,100.4352
2020-03-09,1.063792,1.069558,1.050797,1.056563,942015,107.9382,102.1598
2020-03-10,1.057403,1.062573,1.054947,1.060117,231538,108.2486,102.11
2020-03-11,1.057952,1.060889,1.052684,1.055621,1565955,109.906,104.115
2020-03-12,1.056719,1.06219,1.044994,1.050464,1703723,110.1979,104.904
2020-03-13,1.049018,1.050797,1.047631,1.049409,818601,111.3154,106.0744
2020-03-16,1.047979,1.049627,1.046109,1.047757,1011681,112.459,107.3331
2020-03-17,1.045633,1.064878,1.037526,1.056771,855842,110.5894,104.6484
2020-03-18,1.055708,1.077136,1.047072,1.0685,410647,110.4405,103.3603
2020-03-19,1.067418,1.077496,1.041969,1.052047,1990681,109.0403,103.6458
2020-03-20,1.051758,1.056005,1.041676,1.045923,240704,108.5673,103.8005
2020-03-23,1.04398,1.055781,1.038301,1.050102,1200106,107.8211,102.6768
2020-03-24,1.048168,1.050063,1.044167,1.046062,226873,109.5295,104.7065
2020-03-25,1.046324,1.052326,1.03151,1.037512,1440884,108.2335,104.3203
2020-03-26,1.035201,1.038536,1.028205,1.03154,1821527,109.1537,105.8162
2020-03-27,1.032709,1.04064,1.0132,1.021131,1358232,106.0594,103.8647
2020-03-30,1.023851,1.028311,1.02078,1.025241,1291104,105.5025,102.9051
2020-03-31,1.02479,1.027185,1.021626,1.02402,1690263,105.4536,102.9799
2020-04-01,1.026485,1.036447,1.00014,1.010103,1953622,105.9548,104.8951
2020-04-02,1.007668,1.013549,1.004795,1.010676,1751285,106.7515,105.6239
2020-04-03,1.007904,1.012044,0.998535,1.002674,616562,106.3236,106.04
2020-04-06,1.004006,1.007406,1.001855,1.005255,1213861,105.6492,105.0969
2020-04-07,1.006829,1.019503,1.002239,1.014912,1673857,105.9279,104.3715
2020-04-08,1.017001,1.026429,1.012832,1.02226,730200,107.8938,105.5443
2020-04-09,1.019542,1.025926,1.015906,1.02229,1415355,107.5731,105.2276
2020-04-10,1.023989,1.032656,1.001864,1.010532,241040,105.7779,104.6755
2020-04-13,1.009783,1.012712,1.005213,1.008142,1779198,102.6881,101.8587
2020-04-14,1.006953,1.009553,1.001723,1.004324,1305925,101.1363,100.7009
2020-04-15,1.002353,1.00871,0.99919,1.005547,1537603,102.2055,101.6417
2020-04-16,1.00854,1.015121,0.989924,0.996506,1685843,102.1167,102.4748
2020-04-17,0.993897,1.00725,0.9886,1.001953,593800,103.6641,103.462
2020-04-20,1.003919,1.008873,1.001296,1.00625,1010971,103.6963,103.0523
2020-04-21,1.007092,1.012605,0.99257,0.998083,1745558,103.478,103.6768
2020-04-22,0.999491,1.00038,0.997948,0.998837,496471,104.3252,104.4466
2020-04-23,1.000106,1.037685,0.986295,1.023875,1680436,104.8425,102.3978
2020-04-24,1.026077,1.029739,1.017889,1.021551,718547,104.4326,102.2294
2020-04-27,1.019613,1.021697,1.018013,1.020097,1235914,103.2866,101.2518
2020-04-28,1.017042,1.018556,1.01453,1.016045,1117980,101.8118,100.2041
2020-04-29,1.016645,1.029297,0.981826,0.994477,1435686,100.7782,101.3379
2020-04-30,0.993605,1.017537,0.984702,1.008635,1706026,100.426,99.5663
2020-05-01,1.006358,1.018292,1.001401,1.013336,828159,100.7941,99.4676
2020-05-04,1.011428,1.018053,0.99488,1.001505,509155,98.9927,98.8439
2020-05-05,1.000494,1.003397,0.992807,0.99571,961090,98.4194,98.8435
2020-05-06,0.993142,0.9967,0.987056,0.990614,1301869,98.076,99.0052
2020-05-07,0.98798,0.991017,0.986544,0.989581,1550796,98.8065,99.8469
2020-05-08,0.992051,1.006635,0.986254,1.000838,1556063,99.9804,99.8966
2020-05-11,0.99971,1.018016,0.992991,1.011297,811929,100.4636,99.3413
2020-05-12,1.014223,1.016973,1.01226,1.015009,1884885,100.3753,98.8911
2020-05-13,1.017837,1.023958,1.00161,1.007731,349703,99.44,98.6771
2020-05-14,1.00557,1.008286,1.003176,1.005892,410066,97.6316,97.0597
2020-05-15,1.007189,1.014497,0.987836,0.995145,244586,95.8307,96.2983
2020-05-18,0.995747,1.008816,0.990201,1.003271,1867504,94.896,94.5866
2020-05-19,1.004418,1.009769,0.990355,0.995705,524214,94.1811,94.5874
2020-05-20,0.993292,1.027989,0.981362,1.016058,1282641,95.8429,94.3281
2020-05-21,1.01416,1.022455,0.991892,1.000187,1663315,94.1733,94.1557
2020-05-22,0.997646,1.005523,0.99397,1.001847,1580062,93.0923,92.9207
2020-05-25,1.002473,1.007083,0.991468,0.996079,1907919,94.3507,94.7221
2020-05-26,0.998987,1.002421,0.996227,0.999661,296794,93.8885,93.9204
2020-05-27,1.000692,1.002996,0.997609,0.999913,932733,94.3858,94.394
2020-05-28,1.001177,1.014107,0.967271,0.980201,1111066,92.8016,94.6761
2020-05-29,0.983051,0.987018,0.973281,0.977248,1453066,92.787,94.9472
2020-06-01,0.978291,0.981384,0.97307,0.976163,1320733,91.4441,93.6771
2020-06-02,0.97347,0.998332,0.96412,0.988982,1207909,90.697,91.7074
2020-06-03,0.99116,0.994224,0.988999,0.992063,752300,90.9336,91.6611
2020-06-04,0.991257,0.996439,0.980587,0.985768,391654,87.8096,89.0773
2020-06-05,0.982836,1.002585,0.975054,0.994803,976970,89.1593,89.6251
2020-06-08,0.994846,1.005643,0.989715,1.000512,667383,90.2555,90.2093
2020-06-09,1.003135,1.017146,0.997149,1.01116,1197736,90.0948,89.1004
2020-06-10,1.009688,1.01056,1.008596,1.009468,1634827,88.8119,87.979
2020-06-11,1.009416,1.015057,0.9963,1.001941,1194586,88.6095,88.4379
2020-06-12,0.999979,1.014901,0.994018,1.00894,1249477,88.3836,87.6005
2020-06-15,1.006262,1.012754,1.002525,1.009018,275350,88.0544,87.2675
2020-06-16,1.006478,1.009654,1.004001,1.007176,1360368,88.1832,87.5549
2020-06-17,1.008548,1.01266,0.997632,1.001744,991067,89.5864,89.4305
2020-06-18,1.003932,1.005976,0.999339,1.001383,422655,89.7057,89.5819
2020-06-19,0.99924,1.005627,0.996683,1.00307,584872,89.4802,89.2063
2020-06-22,1.001796,1.011089,0.97685,0.986143,1605338,89.1401,90.3927
2020-06-23,0.984338,0.988716,0.972497,0.976875,1850051,89.1292,91.2391
2020-06-24,0.974102,0.985804,0.968928,0.98063,1113901,90.7576,92.5502
2020-06-25,0.980945,0.987358,0.964821,0.971235,1957843,90.726,93.413
2020-06-26,0.9724,0.982244,0.947023,0.956868,524069,90.3248,94.3964
2020-06-29,0.957717,0.980777,0.949343,0.972404,739364,93.0008,95.6402
2020-06-30,0.97175,0.985135,0.966284,0.979669,1874118,91.8692,93.7758
2020-07-01,0.979992,0.984831,0.966902,0.971741,515333,90.8385,93.4801
2020-07-02,0.969375,0.975308,0.955941,0.961874,1386886,89.8387,93.3996
2020-07-03,0.959879,0.963517,0.950588,0.954226,595107,89.2012,93.4802
2020-07-06,0.956698,0.959925,0.948356,0.951584,796119,87.8005,92.2678
2020-07-07,0.953077,0.95506,0.948857,0.950841,1059954,88.3322,92.8991
2020-07-08,0.953252,0.960655,0.949437,0.95684,847978,88.1022,92.0762
2020-07-09,0.959232,0.960341,0.957269,0.958378,1774110,86.9255,90.7006
2020-07-10,0.959237,0.963452,0.949892,0.954107,1951020,86.2053,90.3518
2020-07-13,0.956558,0.973712,0.949556,0.96671,1100065,87.3911,90.4005
2020-07-14,0.966227,0.979751,0.960419,0.973943,1145390,88.5481,90.9172
2020-07-15,0.971042,0.983345,0.966367,0.97867,299705,90.8313,92.811
2020-07-16,0.976101,0.993342,0.969944,0.987185,621565,95.208,96.444
2020-07-17,0.984872,0.989234,0.974521,0.978884,271794,95.5545,97.6157
2020-07-20,0.976507,0.980598,0.974553,0.978644,1741968,93.074,95.1051
2020-07-21,0.977773,0.988869,0.972829,0.983925,609303,91.0917,92.5799
2020-07-22,0.985113,1.00011,0.97931,0.994307,813141,91.5561,92.0804
2020-07-23,0.996041,1.004491,0.973437,0.981887,1716988,90.6167,92.2883
2020-07-24,0.982419,0.989363,0.979626,0.98657,1483922,90.62,91.8536
2020-07-27,0.984477,0.98951,0.981724,0.986757,1318665,89.6661,90.8695
2020-07-28,0.988224,0.996943,0.963763,0.972481,269249,88.3142,90.8132
2020-07-29,0.971634,0.998595,0.961423,0.988384,1213324,90.0277,91.0857
2020-07-30,0.985496,0.995709,0.981667,0.99188,1209606,89.8542,90.5898
2020-07-31,0.990574,0.995371,0.981016,0.985813,774145,89.1663,90.4495
2020-08-03,0.984811,0.994191,0.960297,0.969677,1540870,86.9139,89.6318
2020-08-04,0.968363,0.98198,0.963262,0.976879,1872965,85.5923,87.6181
2020-08-05,0.978707,0.984285,0.962996,0.968574,666264,83.8197,86.5393
2020-08-06,0.970084,1.00781,0.956734,0.99446,796120,84.5293,85.0002
2020-08-07,0.995627,1.002814,0.992694,0.999882,780202,86.3327,86.3429
2020-08-10,0.997716,1.015961,0.991004,1.009249,1702899,87.0065,86.2092
2020-08-11,1.011113,1.014983,1.004031,1.007901,339986,88.3902,87.6974
2020-08-12,1.008972,1.028234,1.00139,1.020652,1812626,88.9231,87.1238
2020-08-13,1.018784,1.039422,1.011317,1.031956,1595063,87.8402,85.1201
2020-08-14,1.032873,1.050611,1.025838,1.043576,1070003,87.4506,83.7989
2020-08-17,1.043473,1.047008,1.034967,1.038503,1250336,86.345,83.1437
2020-08-18,1.038125,1.046952,1.016675,1.025502,1809720,87.8291,85.645
2020-08-19,1.023115,1.032477,1.019607,1.028968,1585706,87.4921,85.029
2020-08-20,1.029081,1.036371,1.011216,1.018505,698245,87.5569,85.966
2020-08-21,1.01606,1.04628,1.004576,1.034796,290720,87.0178,84.0918
2020-08-24,1.032711,1.039244,1.014408,1.02094,1385180,87.4812,85.6869
2020-08-25,1.01869,1.020457,1.017527,1.019295,462453,88.1063,86.4385
2020-08-26,1.022072,1.031642,1.018013,1.027583,358334,89.0122,86.6229
2020-08-27,1.026257,1.03494,1.004739,1.013422,1968129,89.3418,88.1585
2020-08-28,1.012542,1.02036,1.008869,1.016687,1053081,88.4814,87.0292
2020-08-31,1.015602,1.018086,1.013547,1.016031,1371523,89.2175,87.8098
2020-09-01,1.018459,1.020941,1.016229,1.01871,591197,88.4027,86.7791
2020-09-02,1.019095,1.038953,1.010994,1.030852,383056,88.3237,85.6803
2020-09-03,1.033444,1.042083,1.01049,1.019128,312973,86.469,84.846
2020-09-04,1.017905,1.021665,1.01562,1.019381,837857,86.569,84.9231
2020-09-07,1.017025,1.039487,1.008207,1.03067,206705,88.5956,85.9593
2020-09-08,1.031017,1.037813,1.012723,1.019519,956100,88.9355,87.2328
2020-09-09,1.018574,1.029359,1.01347,1.024256,784553,89.0218,86.9137
2020-09-10,1.026111,1.02833,1.02056,1.02278,1148299,89.0084,87.026
2020-09-11,1.025108,1.027185,1.020701,1.022778,1261155,90.3019,88.2908
2020-09-14,1.02261,1.049646,1.012142,1.039179,755176,91.0436,87.6111
2020-09-15,1.042118,1.049089,1.038971,1.045942,1019414,91.017,87.0192
2020-09-16,1.046275,1.059085,1.041443,1.054253,340575,92.4479,87.6904
2020-09-17,1.052804,1.053824,1.051851,1.052871,743184,93.6575,88.9544
2020-09-18,1.052801,1.076515,1.043786,1.067499,1960746,95.9668,89.8987
2020-09-21,1.064536,1.07197,1.060497,1.067931,1984160,96.5755,90.4323
2020-09-22,1.069879,1.078026,1.046791,1.054938,1074456,94.0133,89.1174
2020-09-23,1.052415,1.053358,1.050769,1.051711,1891145,92.5311,87.9815
2020-09-24,1.050504,1.052698,1.046924,1.049118,1102344,94.4871,90.0634
2020-09-25,1.049529,1.052321,1.046216,1.049008,426175,97.3644,92.8157
2020-09-28,1.046131,1.054997,1.021715,1.030581,1762226,95.2828,92.4554
2020-09-29,1.027979,1.0483,1.019529,1.03985,947193,94.6671,91.0392
2020-09-30,1.041073,1.048499,1.02349,1.030915,1302372,96.4295,93.5378
2020-10-01,1.028266,1.033169,1.015732,1.020635,1367924,94.3923,92.4838
2020-10-02,1.020495,1.023743,1.015098,1.018346,754464,92.7691,91.0978
2020-10-05,1.01736,1.039353,1.008743,1.030736,1520283,94.3897,91.5751
2020-10-06,1.029054,1.054415,1.019539,1.0449,1102353,94.1566,90.1106
2020-10-07,1.042949,1.05737,1.037198,1.051619,859469,95.214,90.5403
2020-10-08,1.053281,1.059757,1.038306,1.044782,736246,94.8245,90.7601
2020-10-09,1.047613,1.060412,1.013498,1.026297,1543307,94.3094,91.8929
2020-10-12,1.024081,1.02692,1.021759,1.024598,648814,95.7548,93.456
2020-10-13,1.027424,1.031539,1.020193,1.024308,423470,95.53,93.263
2020-10-14,1.02489,1.02848,1.022697,1.026287,1787141,96.7041,94.2272
2020-10-15,1.027159,1.033054,1.023743,1.029638,797262,94.5866,91.8639
2020-10-16,1.030935,1.038812,1.026775,1.034651,1353858,94.7831,91.6087
2020-10-19,1.035918,1.070691,1.023676,1.058449,1489579,95.0474,89.7988
2020-10-20,1.06048,1.063511,1.052621,1.055652,1709009,94.2415,89.2733
2020-10-21,1.055547,1.067968,1.020992,1.033413,1326229,92.5814,89.588
2020-10-22,1.03362,1.036518,1.029494,1.032392,1474294,92.6698,89.7622
2020-10-23,1.031301,1.03473,1.029416,1.032845,1706978,93.6413,90.6635
2020-10-26,1.030399,1.033653,1.02454,1.027795,1898051,91.8534,89.3693
2020-10-27,1.02881,1.038234,1.025314,1.034738,284342,92.5961,89.4875
2020-10-28,1.031842,1.037865,1.016249,1.022272,1537856,91.3757,89.385
2020-10-29,1.020896,1.026133,1.017969,1.023206,513905,91.4213,89.3478
2020-10-30,1.020715,1.033862,1.015812,1.028959,1804299,92.8951,90.2807
2020-11-02,1.02705,1.030151,1.024445,1.027546,287290,92.8462,90.3572
2020-11-03,1.028401,1.036157,1.006784,1.014539,644191,93.344,92.0063
2020-11-04,1.015322,1.019163,1.012469,1.016311,545805,93.039,91.5458
2020-11-05,1.01583,1.022248,0.99845,1.004868,1286151,90.4573,90.019
2020-11-06,1.002397,1.025424,0.993036,1.016063,207709,90.8342,89.3982
2020-11-09,1.015657,1.034076,1.008347,1.026766,230644,91.2898,88.91
2020-11-10,1.025859,1.041919,1.020043,1.036104,1107578,92.2899,89.074
2020-11-11,1.037474,1.046034,1.013083,1.021643,1948996,91.1409,89.2102
2020-11-12,1.022127,1.038619,1.016182,1.032674,1150965,92.0532,89.1406
2020-11-13,1.032622,1.035771,1.026636,1.029784,1002672,91.8785,89.2211
2020-11-16,1.029704,1.036431,1.026003,1.032729,1384205,95.0614,92.0487
2020-11-17,1.035619,1.044988,1.010174,1.019543,1193255,97.0014,95.142
2020-11-18,1.021111,1.03132,0.993275,1.003483,892842,95.8153,95.4827
2020-11-19,1.003465,1.01051,0.985664,0.992708,1259388,95.449,96.1501
2020-11-20,0.992585,0.995836,0.985928,0.98918,205773,93.8439,94.8704
2020-11-23,0.986369,0.994212,0.982516,0.990359,640078,92.6474,93.5494
2020-11-24,0.992988,0.997209,0.983176,0.987397,1413004,93.2269,94.4168
2020-11-25,0.986326,1.00294,0.979507,0.996122,814791,94.6103,94.9786
2020-11-26,0.994663,1.000169,0.991171,0.996676,297723,92.8803,93.1901
2020-11-27,0.999663,1.00814,0.976597,0.985074,423993,91.0636,92.4434
2020-11-30,0.986367,0.996361,0.982688,0.992682,1759106,89.2653,89.9234
2020-12-01,0.989986,0.995679,0.974382,0.980074,793238,87.8033,89.5885
2020-12-02,0.977498,0.984349,0.960051,0.966903,240777,86.5711,89.5345
2020-12-03,0.96415,0.966592,0.95911,0.961552,1511850,85.2357,88.6439
2020-12-04,0.962127,0.977011,0.955625,0.970509,1154855,85.2621,87.8529
2020-12-07,0.968015,0.979106,0.963178,0.974269,1012495,85.4822,87.7398
2020-12-08,0.976802,0.980499,0.968708,0.972405,1810852,83.7911,86.169
2020-12-09,0.974954,0.982921,0.955091,0.963058,764703,81.8392,84.9785
2020-12-10,0.963324,0.968938,0.948424,0.954037,1230481,83.356,87.3719
2020-12-11,0.954705,0.965295,0.949805,0.960395,1540821,82.1468,85.5344
2020-12-14,0.959196,0.968968,0.955613,0.965385,1295150,81.0424,83.9483
2020-12-15,0.962859,0.96486,0.960203,0.962204,574352,82.4161,85.6535
2020-12-16,0.963575,0.970189,0.948257,0.954871,1426899,84.95,88.9649
2020-12-17,0.95259,0.958221,0.939619,0.94525,1538119,83.1722,87.9896
2020-12-18,0.9429,0.945788,0.940549,0.943437,420335,82.2619,87.1938
2020-12-21,0.942368,0.947858,0.928317,0.933806,497807,82.3991,88.2401
2020-12-22,0.931075,0.945327,0.924979,0.939231,1414868,84.5062,89.9738
2020-12-23,0.938859,0.967389,0.928328,0.956857,414164,83.831,87.6107
2020-12-24,0.958049,0.965676,0.938457,0.946083,1784638,83.6429,88.4097
2020-12-25,0.947794,0.949125,0.946959,0.94829,397221,84.6284,89.2432
2020-12-28,0.948884,0.9502,0.946646,0.947963,1953597,85.4748,90.1668
2020-12-29,0.949936,0.952502,0.945274,0.94784,1408725,84.0796,88.7065
2020-12-30,0.947308,0.959669,0.942795,0.955155,997493,84.1562,88.1073
2020-12-31,0.957154,0.973142,0.950547,0.966535,683110,83.496,86.3869
2021-01-01,0.966572,0.970148,0.960048,0.963623,820108,82.3077,85.4148
2021-01-04,0.962022,0.970409,0.941308,0.949695,1547324,80.7239,84.9998
2021-01-05,0.952226,0.953779,0.951261,0.952814,1555957,81.0104,85.0223
2021-01-06,0.951528,0.957049,0.948175,0.953696,575585,81.1388,85.0783
2021-01-07,0.950985,0.975863,0.942282,0.967161,1177173,81.656,84.4285
2021-01-08,0.965668,0.97156,0.962768,0.968661,1987285,83.149,85.8391
2021-01-11,0.967886,0.971117,0.962404,0.965635,663148,83.5818,86.5563
2021-01-12,0.964774,0.973932,0.938514,0.947672,1448128,83.4371,88.0443
2021-01-13,0.947812,0.952584,0.934507,0.939278,509884,83.1051,88.4777
2021-01-14,0.941437,0.944248,0.934033,0.936845,1701351,82.354,87.9057
2021-01-15,0.935677,0.957918,0.9273,0.949541,506414,82.5457,86.9323
2021-01-18,0.949659,0.959502,0.945026,0.954869,735713,83.4375,87.3811
2021-01-19,0.953953,0.957849,0.943698,0.947593,1026518,83.383,87.9945
2021-01-20,0.949423,0.963975,0.944093,0.958645,867181,85.5874,89.2795
2021-01-21,0.956676,0.960624,0.947947,0.951896,506223,86.9665,91.3614
2021-01-22,0.949631,0.974202,0.940818,0.965388,1353776,87.7272,90.8725
2021-01-25,0.965406,0.967743,0.963364,0.965702,235494,86.5981,89.6738
2021-01-26,0.966698,0.978556,0.961189,0.973047,1970340,85.3106,87.6737
2021-01-27,0.974772,0.976846,0.972512,0.974585,293759,86.3769,88.6293
2021-01-28,0.97511,0.977483,0.972853,0.975226,800952,87.2129,89.4284
2021-01-29,0.976828,0.979477,0.974942,0.977591,1873792,87.7704,89.7824
2021-02-01,0.976962,0.99006,0.971175,0.984273,479147,86.0439,87.4187
2021-02-02,0.981515,0.985396,0.979653,0.983534,331330,86.5286,87.9772
2021-02-03,0.981269,0.991071,0.977583,0.987384,1539050,86.7968,87.9058
2021-02-04,0.984652,0.986614,0.982331,0.984294,331725,85.8035,87.1727
2021-02-05,0.983283,0.988072,0.970095,0.974883,1819278,84.5629,86.7415
2021-02-08,0.974857,0.978357,0.9688,0.9723,1012139,84.8687,87.2865
2021-02-09,0.971462,0.989301,0.964282,0.982122,1764797,85.0592,86.6076
2021-02-10,0.982479,0.988676,0.968575,0.974772,641180,84.2107,86.3902
2021-02-11,0.974659,1.007454,0.962978,0.995773,454045,84.8027,85.1627
2021-02-12,0.996837,1.001394,0.986083,0.99064,1932848,84.8488,85.6505
2021-02-15,0.991632,0.996113,0.982102,0.986583,1571914,85.05,86.2066
2021-02-16,0.985506,0.987517,0.981412,0.983423,1839774,86.379,87.835
2021-02-17,0.982516,0.99304,0.977964,0.988489,775798,82.9052,83.8707
2021-02-18,0.988994,1.008776,0.981186,1.000968,928537,83.3006,83.22
2021-02-19,1.001547,1.011933,0.996436,1.006821,1239000,83.3746,82.8097
2021-02-22,1.005702,1.011152,0.993326,0.998776,1007716,83.0773,83.1791
2021-02-23,0.997759,1.001432,0.988201,0.991874,636795,82.4609,83.1365
2021-02-24,0.993029,0.994495,0.991513,0.992978,875204,81.0424,81.6154
2021-02-25,0.993857,0.999998,0.978736,0.984878,1295762,81.6443,82.8979
2021-02-26,0.982721,0.985292,0.976562,0.979133,268159,83.0182,84.7874
2021-03-01,0.978787,0.980497,0.977326,0.979037,804697,82.1623,83.9216
2021-03-02,0.981344,0.986588,0.96769,0.972934,727124,82.4456,84.7392
2021-03-03,0.970227,0.984244,0.965073,0.97909,326579,82.9576,84.7292
2021-03-04,0.981177,0.98445,0.979087,0.982361,420812,83.1131,84.6054
2021-03-05,0.980376,0.981969,0.977222,0.978816,1092223,81.9281,83.7013
2021-03-08,0.978858,0.980807,0.976301,0.97825,384266,81.565,83.3785
2021-03-09,0.977806,0.987435,0.974046,0.983675,820828,83.0667,84.4453
2021-03-10,0.980784,0.988274,0.962087,0.969578,1209550,84.0693,86.7071
2021-03-11,0.971995,0.979916,0.949935,0.957857,1772918,85.065,88.8076
2021-03-12,0.957598,0.962957,0.945882,0.951241,377776,86.052,90.4629
2021-03-15,0.953834,0.95697,0.945474,0.94861,982358,86.6939,91.3905
2021-03-16,0.947396,0.962157,0.941491,0.956253,385276,89.4161,93.5068
2021-03-17,0.958354,0.990355,0.946943,0.978944,971431,90.6669,92.6171
2021-03-18,0.981425,0.991021,0.977601,0.987197,1064924,92.6272,93.8285
2021-03-19,0.987533,1.010736,0.978835,1.002038,1638676,92.9624,92.7733
2021-03-22,1.00025,1.00464,0.991432,0.995821,996108,92.5829,92.9714
2021-03-23,0.996928,1.000666,0.990347,0.994085,1883925,91.8067,92.3529
2021-03-24,0.994377,1.022382,0.984296,1.0123,447742,93.639,92.5012
2021-03-25,1.015,1.020389,1.012655,1.018044,295686,92.8462,91.2006
2021-03-26,1.017673,1.031504,1.011736,1.025567,208008,93.6446,91.3101
2021-03-29,1.024142,1.055173,1.012641,1.043672,842142,93.7196,89.7979
2021-03-30,1.041407,1.064656,1.033022,1.056271,547353,95.4947,90.4073
2021-03-31,1.05753,1.060721,1.052221,1.055412,364851,96.4139,91.3519
2021-04-01,1.058415,1.06606,1.054777,1.062422,624606,99.3585,93.5207
2021-04-02,1.059416,1.061567,1.056788,1.058939,1954976,99.7932,94.2388
2021-04-05,1.060467,1.063687,1.058531,1.061751,1640447,98.5941,92.86
2021-04-06,1.064471,1.06889,1.054129,1.058549,233431,98.2161,92.7837
2021-04-07,1.055848,1.062908,1.036465,1.043525,1847789,95.7813,91.7863
2021-04-08,1.041084,1.050877,1.015832,1.025626,569458,94.0989,91.7478
2021-04-09,1.026807,1.035908,1.00115,1.01025,930699,96.0125,95.0383
2021-04-12,1.011147,1.017001,0.997713,1.003567,789745,96.1419,95.8002
2021-04-13,1.000971,1.012556,0.995702,1.007287,929048,96.4307,95.7332
2021-04-14,1.009308,1.015351,0.995169,1.001212,1569303,94.7967,94.6819
2021-04-15,1.001353,1.002865,0.997894,0.999406,1482466,94.8576,94.914
2021-04-16,1.001848,1.006014,0.991431,0.995598,1269267,93.024,93.4354
2021-04-19,0.997856,1.00573,0.977064,0.984938,1328459,91.3493,92.7462
2021-04-20,0.986784,0.992788,0.983667,0.989671,1509548,92.033,92.9936
2021-04-21,0.989766,0.999964,0.963724,0.973923,531452,92.4898,94.9663
2021-04-22,0.972472,0.987297,0.966712,0.981537,912204,93.5006,95.2594
2021-04-23,0.981572,0.996066,0.975256,0.98975,393840,90.7514,91.6913
2021-04-26,0.987379,0.988351,0.986095,0.987068,1467508,90.5883,91.7752
2021-04-27,0.988008,1.006041,0.98117,0.999202,987701,91.4683,91.5413
2021-04-28,0.997008,1.012118,0.991565,1.006676,1347100,92.3843,91.7716
2021-04-29,1.006743,1.012003,1.003655,1.008915,1216691,94.4843,93.6494
2021-04-30,1.006217,1.02409,0.999716,1.017589,692538,92.6119,91.0111
2021-05-03,1.016365,1.017701,1.014417,1.015753,449673,91.0433,89.6314
2021-05-04,1.01412,1.024729,1.00919,1.019798,1951294,91.4722,89.6964
2021-05-05,1.020533,1.028457,1.016819,1.024744,727892,89.9626,87.7904
2021-05-06,1.026507,1.063418,1.013833,1.050745,397215,93.0871,88.5915
2021-05-07,1.047954,1.063221,1.042509,1.057776,750697,93.6445,88.5297
2021-05-10,1.059999,1.065847,1.045653,1.051502,1824352,94.3551,89.7336
2021-05-11,1.053778,1.065381,1.02126,1.032864,670336,92.3266,89.3889
2021-05-12,1.031886,1.055658,1.023361,1.047133,1976222,94.4609,90.209
2021-05-13,1.048132,1.053778,1.034787,1.040433,1029370,95.9148,92.1873
2021-05-14,1.039825,1.043687,1.037873,1.041735,1751268,96.1082,92.2578
2021-05-17,1.039574,1.050422,1.01047,1.021318,1375514,95.0342,93.0505
2021-05-18,1.021494,1.0301,1.017764,1.02637,279080,95.3513,92.9015
2021-05-19,1.023823,1.03405,1.019814,1.030041,1116901,94.4555,91.7007
2021-05-20,1.03238,1.038536,1.015498,1.021654,950477,94.0223,92.0295
2021-05-21,1.024255,1.034528,0.995393,1.005667,562621,93.1178,92.5931
2021-05-24,1.007607,1.011559,0.996874,1.000825,1189977,92.837,92.7605
2021-05-25,1.0012,1.009259,0.997765,1.005825,385290,95.2764,94.7247
2021-05-26,1.006172,1.017576,1.000816,1.01222,1456939,94.144,93.0074
2021-05-27,1.015163,1.020944,1.002178,1.00796,1679366,93.75,93.0097
2021-05-28,1.006435,1.010783,1.004149,1.008498,366583,95.616,94.8103
2021-05-31,1.005932,1.012753,1.002547,1.009368,1062748,94.779,93.8994
2021-06-01,1.009743,1.014666,0.998252,1.003176,1379224,93.0239,92.7294
2021-06-02,1.002145,1.027515,0.992225,1.017595,311850,93.8978,92.2742
2021-06-03,1.01651,1.024274,1.01326,1.021024,900789,94.865,92.9116
2021-06-04,1.018004,1.027374,1.014135,1.023505,664618,95.0229,92.8406
2021-06-07,1.024096,1.032517,1.020532,1.028953,270662,97.6054,94.8589
2021-06-08,1.027496,1.034249,1.008421,1.015173,1647260,97.8933,96.4302
2021-06-09,1.013272,1.014578,1.012073,1.01338,1000409,98.5232,97.2224
2021-06-10,1.010585,1.024102,1.004549,1.018065,1553107,99.4926,97.7271
2021-06-11,1.017237,1.036034,1.009378,1.028175,1256735,103.1072,100.2817
2021-06-14,1.030513,1.032796,1.025144,1.027426,1776469,102.4935,99.7576
2021-06-15,1.026419,1.033191,1.008981,1.015753,1994611,99.6463,98.1009
2021-06-16,1.016844,1.022384,1.002771,1.008311,1283758,102.1593,101.3173
2021-06-17,1.009863,1.040367,0.99868,1.029185,833904,103.0921,100.1687
2021-06-18,1.028123,1.042001,1.022385,1.036263,961230,103.2838,99.6695
2021-06-21,1.038263,1.040943,1.031341,1.034021,1685730,104.4929,101.0549
2021-06-22,1.035211,1.03868,1.029317,1.032786,967942,101.746,98.516
2021-06-23,1.033153,1.0439,1.027877,1.038623,1135529,100.1062,96.3836
2021-06-24,1.035513,1.057369,1.026965,1.04882,549200,98.6729,94.0798
2021-06-25,1.045895,1.082225,1.032487,1.068818,1982117,99.4595,93.0557
2021-06-28,1.071966,1.079054,1.068487,1.075575,1371438,100.0198,92.9919
2021-06-29,1.077397,1.078939,1.075288,1.07683,794375,101.7319,94.4735
2021-06-30,1.079657,1.088905,1.075997,1.085245,1253123,102.2023,94.1744
2021-07-01,1.087864,1.094817,1.084333,1.091286,922049,100.4544,92.0514
2021-07-02,1.088146,1.095271,1.085341,1.092466,478755,98.3974,90.0691
2021-07-05,1.094379,1.115128,1.085878,1.106626,1774546,98.4168,88.9341
2021-07-06,1.106302,1.115321,1.082173,1.091192,1794193,97.1252,89.0084
2021-07-07,1.093088,1.096778,1.084911,1.088601,1702808,98.3576,90.3522
2021-07-08,1.085379,1.093044,1.064863,1.072527,863242,98.1374,91.501
2021-07-09,1.071164,1.099217,1.060044,1.088097,661523,98.8729,90.8677
2021-07-12,1.089738,1.094033,1.078693,1.082988,289529,99.7325,92.0902
2021-07-13,1.084892,1.09433,1.081162,1.0906,1516768,99.748,91.4615
2021-07-14,1.091384,1.094313,1.084403,1.087332,790185,100.136,92.0933
2021-07-15,1.086036,1.089482,1.08357,1.087016,1805996,99.0943,91.1618
2021-07-16,1.08578,1.090794,1.076107,1.081122,1765742,98.5365,91.1428
2021-07-19,1.084149,1.085635,1.081797,1.083282,430724,99.0098,91.398
2021-07-20,1.082887,1.088386,1.071368,1.076867,1850521,99.7255,92.6071
2021-07-21,1.076525,1.086907,1.047616,1.057998,452518,97.9948,92.6229
2021-07-22,1.05833,1.061561,1.052431,1.055661,1082717,98.639,93.4382
2021-07-23,1.055088,1.082872,1.045411,1.073195,1053073,98.9051,92.1594
2021-07-26,1.073534,1.084118,1.044931,1.055515,1921411,97.5169,92.388
2021-07-27,1.055086,1.058353,1.049094,1.052361,1383155,98.5587,93.6549
2021-07-28,1.054424,1.061741,1.035752,1.043069,1775435,95.8558,91.8978
2021-07-29,1.045629,1.047218,1.042903,1.044491,1272442,94.8876,90.8458
2021-07-30,1.047199,1.061353,1.040964,1.055118,1685415,92.9879,88.1304
2021-08-02,1.055525,1.060772,1.044909,1.050156,1733815,90.7457,86.4116
2021-08-03,1.049792,1.064337,1.043942,1.058488,1747478,90.3372,85.3455
2021-08-04,1.059791,1.063977,1.050973,1.055159,940911,91.5668,86.7802
2021-08-05,1.057301,1.077784,1.048989,1.069473,887375,92.1107,86.1272
2021-08-06,1.069877,1.075629,1.054704,1.060457,1972678,92.1501,86.8966
2021-08-09,1.061729,1.070749,1.057138,1.066158,1561644,93.4042,87.6082
2021-08-10,1.067756,1.071415,1.059031,1.06269,1851148,95.1748,89.5602
2021-08-11,1.063815,1.068111,1.055274,1.05957,1239210,95.0846,89.7389
2021-08-12,1.061135,1.069492,1.037579,1.045936,1872244,96.5019,92.2637
2021-08-13,1.044108,1.04616,1.040194,1.042247,1495431,96.0146,92.1227
2021-08-16,1.042237,1.047439,1.029873,1.035075,1536617,94.9818,91.7631
2021-08-17,1.035624,1.038726,1.029517,1.03262,520014,93.3578,90.4087
2021-08-18,1.029537,1.037494,1.010146,1.018104,1220393,90.4651,88.8564
2021-08-19,1.020278,1.026553,1.006503,1.012778,1516509,88.8713,87.7501
2021-08-20,1.013446,1.025017,1.009103,1.020674,1569799,88.9018,87.1011
2021-08-23,1.018403,1.026912,1.014855,1.023364,1923666,89.9842,87.9297
2021-08-24,1.025307,1.027297,1.021823,1.023814,788501,92.3881,90.2392
2021-08-25,1.025147,1.029401,1.015356,1.019611,744793,90.4244,88.6852
2021-08-26,1.021191,1.025586,1.018711,1.023106,1945063,91.5117,89.445
2021-08-27,1.022444,1.031317,1.000289,1.009162,1975090,89.5452,88.7323
2021-08-30,1.011307,1.022439,0.981965,0.993097,523785,89.5124,90.1346
2021-08-31,0.992585,1.001156,0.98937,0.997941,881076,90.0066,90.1923
2021-09-01,0.998363,1.002705,0.995975,1.000318,1906561,88.0816,88.0536
2021-09-02,0.997321,1.013499,0.990762,1.006941,559502,89.536,88.9188
2021-09-03,1.007816,1.011813,0.998674,1.002671,1609696,89.0098,88.7727
2021-09-06,1.003984,1.005278,1.001628,1.002922,402115,88.117,87.8603
2021-09-07,1.003326,1.005286,1.00004,1.002,520960,86.3117,86.1394
2021-09-08,1.001979,1.011317,0.976576,0.985914,1612931,84.6695,85.8792
2021-09-09,0.987747,0.990171,0.986362,0.988786,1293441,86.1831,87.1605
2021-09-10,0.989862,0.999438,0.965055,0.974632,1198685,85.1446,87.3608
2021-09-13,0.973334,0.995136,0.965315,0.987116,1741855,86.34,87.4669
2021-09-14,0.989835,1.007918,0.982688,1.000771,752836,86.8336,86.7667
2021-09-15,1.002015,1.014286,0.996895,1.009166,1105934,88.4799,87.6763
2021-09-16,1.01212,1.026388,1.005831,1.020099,1295210,88.2437,86.5051
2021-09-17,1.022983,1.027078,1.012211,1.016306,1531763,86.9425,85.5476
2021-09-20,1.01886,1.020031,1.01683,1.018001,797782,87.7033,86.1525
2021-09-21,1.019561,1.027782,0.997111,1.005332,1340542,86.1911,85.734
2021-09-22,1.005992,1.015337,1.001959,1.011304,1007043,87.1622,86.1879
2021-09-23,1.009314,1.021472,1.004518,1.016676,1175524,87.9156,86.4735
2021-09-24,1.01694,1.021082,1.00862,1.012762,1752795,87.2467,86.1473
2021-09-27,1.014374,1.016779,1.012902,1.015307,908576,88.3125,86.9811
2021-09-28,1.015434,1.01883,1.006598,1.009994,1402699,90.5021,89.6066
2021-09-29,1.012226,1.018627,0.995684,1.002084,1895585,92.2924,92.1004
2021-09-30,0.999738,1.011063,0.99459,1.005915,1572323,92.5478,92.0036
2021-10-01,1.005197,1.019795,0.998843,1.013442,1979701,93.0729,91.8384
2021-10-04,1.013478,1.015857,1.010325,1.012704,1250288,94.7199,93.5317
2021-10-05,1.012293,1.026831,0.971866,0.986404,707512,92.0678,93.3367
2021-10-06,0.984088,0.992089,0.96387,0.971872,1984516,90.8101,93.4384
2021-10-07,0.969852,0.988549,0.962401,0.981098,1360237,91.5399,93.3035
2021-10-08,0.983086,0.985853,0.97668,0.979448,634538,91.2019,93.1156
2021-10-11,0.979356,1.009715,0.96817,0.998529,770940,91.003,91.1371
2021-10-12,0.995825,1.013226,0.988656,1.006056,672124,89.9754,89.4338
2021-10-13,1.003138,1.004847,1.000283,1.001992,1700493,87.1095,86.9363
2021-10-14,1.001833,1.009486,0.982452,0.990106,366606,85.4691,86.3232
2021-10-15,0.988112,1.016209,0.977765,1.005863,1531830,85.5103,85.0119
2021-10-18,1.007101,1.01083,1.004844,1.008574,1197235,85.1002,84.3767
2021-10-19,1.010361,1.033327,1.002241,1.025207,332250,88.0453,85.8806
2021-10-20,1.023536,1.042542,1.015936,1.034942,1304046,90.2899,87.2415
2021-10-21,1.035514,1.040293,1.025779,1.030557,1555672,88.6174,85.9898
2021-10-22,1.028421,1.035427,1.025546,1.032553,1506730,88.6442,85.8496
2021-10-25,1.031336,1.045666,1.025705,1.040035,1151325,88.3417,84.9411
2021-10-26,1.042461,1.050853,1.018512,1.026904,803802,86.9166,84.6395
2021-10-27,1.027175,1.031738,1.014626,1.019189,494919,86.2648,84.6406
2021-10-28,1.021549,1.025711,1.014112,1.018274,222062,86.6028,85.0486
2021-10-29,1.016595,1.038498,1.008273,1.030176,847196,87.4996,84.9366
2021-11-01,1.029125,1.050155,1.021274,1.042304,1338013,88.9477,85.3376
2021-11-02,1.042122,1.046709,1.030535,1.035122,267781,87.4357,84.469
2021-11-03,1.034998,1.044324,1.012045,1.021371,1997651,87.0068,85.1862
2021-11-04,1.024421,1.030277,1.008891,1.014747,1254712,89.3684,88.0697
2021-11-05,1.0124,1.015845,1.006003,1.009449,730188,89.4539,88.6166
2021-11-08,1.01158,1.015059,1.003294,1.006772,1931791,90.8897,90.2783
2021-11-09,1.008969,1.010714,1.007956,1.009701,531082,91.0389,90.1643
2021-11-10,1.010023,1.013274,1.007681,1.010932,1923677,92.1685,91.1718
2021-11-11,1.009986,1.01461,1.008105,1.012729,707180,92.2156,91.0565
2021-11-12,1.012846,1.023797,1.007938,1.018889,883515,92.6419,90.9245
2021-11-15,1.01762,1.019651,1.013561,1.015592,965747,91.6976,90.2898
2021-11-16,1.017415,1.045332,1.006734,1.034652,1990706,93.3286,90.2029
2021-11-17,1.034642,1.06119,1.024363,1.050912,651643,92.8835,88.3837
2021-11-18,1.053597,1.062339,1.031424,1.040166,1951168,93.8776,90.2525
2021-11-19,1.040932,1.041555,1.040205,1.040828,824528,95.541,91.7933
2021-11-22,1.040917,1.045593,1.030842,1.035517,713331,95.7098,92.4271
2021-11-23,1.036829,1.040781,1.033795,1.037747,1348772,95.288,91.8219
2021-11-24,1.037772,1.041061,1.029942,1.03323,1448748,95.7367,92.6577
2021-11-25,1.035738,1.038533,1.029517,1.032312,821050,94.9851,92.012
2021-11-26,1.030358,1.037775,1.012444,1.019862,441320,95.3846,93.527
2021-11-29,1.022758,1.024385,1.019554,1.021181,912906,93.646,91.7036
2021-11-30,1.023094,1.029462,1.019726,1.026093,1172756,93.9209,91.5326
2021-12-01,1.028314,1.03166,1.022399,1.025746,272056,91.8974,89.5908
2021-12-02,1.02564,1.029291,1.02403,1.02768,341574,90.1953,87.7659
2021-12-03,1.02976,1.052942,1.020913,1.044096,1852296,93.1136,89.1811
2021-12-06,1.042885,1.048371,1.029848,1.035334,264554,93.7945,90.5935
2021-12-07,1.036961,1.050078,1.031818,1.044935,932394,93.1275,89.1228
2021-12-08,1.04268,1.058083,1.035967,1.05137,1575008,92.0551,87.5573
2021-12-09,1.050152,1.058859,1.025741,1.034448,790658,88.0636,85.131
2021-12-10,1.034111,1.052641,1.027078,1.045608,1090591,87.831,83.9999
2021-12-13,1.044494,1.057121,1.038744,1.051371,355671,91.5807,87.1059
2021-12-14,1.050659,1.057396,1.032279,1.039016,1629987,92.0524,88.5957
2021-12-15,1.041012,1.044313,1.035561,1.038862,1341529,91.4733,88.0514
2021-12-16,1.037345,1.041995,1.024751,1.029401,1732977,91.6023,88.986
2021-12-17,1.030916,1.033111,1.029168,1.031363,1754884,90.0762,87.3371
2021-12-20,1.028725,1.031601,1.021428,1.024304,831448,89.2729,87.1547
2021-12-21,1.025937,1.036391,1.021177,1.03163,274075,89.3407,86.6015
2021-12-22,1.033438,1.043586,1.007229,1.017377,823429,88.4169,86.9068
2021-12-23,1.016776,1.027889,0.987832,0.998945,461490,87.8756,87.9683
2021-12-24,1.000279,1.008949,0.979134,0.987804,1159933,88.0669,89.1543
2021-12-27,0.990264,0.996669,0.974669,0.981073,463501,88.6175,90.3271
2021-12-28,0.982843,0.986974,0.974441,0.978571,1859422,87.7202,89.6411
2021-12-29,0.977928,0.99263,0.972033,0.986735,1284094,89.2243,90.4238
2021-12-30,0.986641,1.008475,0.977814,0.999647,655460,91.7259,91.7583
2021-12-31,1.001323,1.005908,0.991127,0.995712,1858214,90.8347,91.2258
2022-01-03,0.994473,0.999945,0.982539,0.98801,1585437,90.2454,91.3406
2022-01-04,0.989811,0.994455,0.987621,0.992265,987983,91.3692,92.0814
2022-01-05,0.991242,0.997209,0.976273,0.98224,463712,90.6263,92.2649
2022-01-06,0.984043,0.987865,0.981482,0.985304,818851,92.5989,93.98
2022-01-07,0.982861,0.988102,0.968904,0.974145,1251213,91.4877,93.9159
2022-01-10,0.971482,0.977859,0.954123,0.9605,1578513,92.5384,96.344
2022-01-11,0.963368,0.986301,0.954124,0.977057,671468,94.4737,96.6922
2022-01-12,0.979223,0.988479,0.975239,0.984495,1536624,95.1666,96.6655
2022-01-13,0.986756,0.992196,0.972125,0.977565,709105,95.9838,98.1867
2022-01-14,0.980212,0.981815,0.978917,0.98052,644161,94.9514,96.8378
2022-01-17,0.980157,0.996489,0.973859,0.990191,1004632,94.936,95.8765
2022-01-18,0.988924,0.999529,0.984231,0.994836,489487,94.6686,95.16
2022-01-19,0.992628,0.997304,0.983235,0.987911,928379,95.1384,96.3026
2022-01-20,0.987918,0.991899,0.980849,0.984829,844058,93.2952,94.7324
2022-01-21,0.983175,0.989581,0.979854,0.98626,704075,93.9654,95.2745
2022-01-24,0.988837,0.992895,0.98623,0.990288,1596086,92.5424,93.45
2022-01-25,0.987341,0.990422,0.985561,0.988641,797110,93.8001,94.8778
2022-01-26,0.986525,0.991327,0.976464,0.981266,1451114,90.3434,92.0682
2022-01-27,0.979773,1.004556,0.970891,0.995674,1496520,89.5701,89.9593
2022-01-28,0.993876,0.997736,0.983703,0.987563,1398536,87.2641,88.3631
2022-01-31,0.985938,1.005914,0.977653,0.997628,684792,86.6663,86.8724
2022-02-01,0.998562,1.003907,0.986951,0.992295,1692971,87.1089,87.7852
2022-02-02,0.991268,1.002518,0.986782,0.998031,625792,87.4181,87.5905
2022-02-03,0.99872,1.001161,0.996674,0.999115,698834,86.9442,87.0212
2022-02-04,1.001454,1.003185,0.999133,1.000863,1774979,87.0942,87.0191
2022-02-07,1.001479,1.006374,0.999081,1.003975,811430,87.7219,87.3745
2022-02-08,1.005147,1.011149,1.002424,1.008427,1454632,87.1051,86.3772
2022-02-09,1.007613,1.008404,1.006795,1.007586,276211,88.3459,87.6808
2022-02-10,1.005529,1.019421,0.999818,1.01371,1305783,88.6464,87.4475
2022-02-11,1.012619,1.027331,1.006766,1.021478,1763742,89.9736,88.0818
2022-02-14,1.024324,1.030876,1.007758,1.014311,1475667,89.6279,88.3634
2022-02-15,1.015052,1.024246,1.011354,1.020548,1248373,90.4304,88.6096
2022-02-16,1.019186,1.027368,0.99943,1.007612,1728253,92.4928,91.794
2022-02-17,1.007315,1.009877,1.003206,1.005767,736620,91.8062,91.2797
2022-02-18,1.007792,1.011781,1.000444,1.004433,878205,91.616,91.2117
2022-02-21,1.005448,1.008063,0.999042,1.001657,324949,91.0712,90.9205
2022-02-22,1.002022,1.004895,0.996893,0.999766,1457071,90.0321,90.0532
2022-02-23,1.002077,1.006435,0.993391,0.997749,1502137,88.5069,88.7066
2022-02-24,0.998781,1.000755,0.995178,0.997151,1552480,87.6048,87.8551
2022-02-25,0.998005,0.999811,0.99681,0.998617,1547727,87.9751,88.097
2022-02-28,0.996758,1.008727,0.992079,1.004048,429290,88.3767,88.0205
2022-03-01,1.001676,1.00698,0.999208,1.004512,1399121,88.4761,88.0787
2022-03-02,1.007315,1.016507,0.982505,0.991697,1573993,87.7367,88.4712
2022-03-03,0.992286,0.996519,0.981857,0.98609,566805,88.4445,89.6921
2022-03-04,0.985591,0.997169,0.981042,0.99262,1057665,89.8848,90.5531
2022-03-07,0.99315,1.020252,0.982906,1.010008,1843788,91.0232,90.1213
2022-03-08,1.007352,1.022179,1.001999,1.016826,946657,90.4044,88.9085
2022-03-09,1.018791,1.023182,1.008009,1.0124,1555684,90.7676,89.6559
2022-03-10,1.010679,1.019569,1.006443,1.015333,1154622,91.4157,90.0351
2022-03-11,1.017189,1.027513,1.013166,1.02349,1383961,90.4099,88.3349
2022-03-14,1.023701,1.034851,0.992142,1.003292,1327710,90.0537,89.7582
2022-03-15,1.001947,1.015297,0.99689,1.01024,1371699,90.4954,89.5781
2022-03-16,1.007393,1.014008,1.004849,1.011464,1602875,89.0006,87.9919
2022-03-17,1.013381,1.023861,1.008904,1.019384,1827843,89.6733,87.9681
2022-03-18,1.017405,1.021782,1.015553,1.01993,732199,88.0325,86.3122
2022-03-21,1.017188,1.036606,1.009997,1.029415,1870952,89.8563,87.2887
2022-03-22,1.030996,1.039036,1.011953,1.019993,1330151,90.5675,88.7923
2022-03-23,1.019076,1.024374,1.015719,1.021017,1272147,90.5506,88.6867
2022-03-24,1.020339,1.026065,1.005042,1.010768,789913,90.4226,89.4593
2022-03-25,1.009234,1.010492,1.00772,1.008978,950004,87.2484,86.472
2022-03-28,1.011153,1.020898,0.984754,0.9945,1372925,85.4339,85.9064
2022-03-29,0.993291,0.997835,0.990324,0.994869,854721,85.435,85.8756
2022-03-30,0.993139,0.999141,0.97928,0.985282,717112,84.9191,86.1876
2022-03-31,0.984155,0.98708,0.976854,0.979779,1674341,84.7129,86.4613
2022-04-01,0.978034,0.984605,0.975353,0.981925,947771,86.512,88.1045
2022-04-04,0.98085,0.983708,0.974886,0.977744,1360289,84.6519,86.5788
2022-04-05,0.975297,0.980621,0.963666,0.96899,256140,83.1336,85.7941
2022-04-06,0.967005,0.969834,0.964602,0.967431,339078,83.4394,86.2484
2022-04-07,0.966949,0.969161,0.965751,0.967962,1726710,85.4534,88.2817
2022-04-08,0.970166,0.979848,0.944267,0.953948,455934,83.9691,88.0227
2022-04-11,0.951415,0.977403,0.942228,0.968217,1632443,84.3832,87.1532
2022-04-12,0.966548,0.979281,0.961088,0.973821,1820334,85.8192,88.1263
2022-04-13,0.976207,0.978799,0.97298,0.975573,1066512,84.099,86.2048
2022-04-14,0.977856,0.987499,0.951636,0.961279,1792096,82.5446,85.8695
2022-04-15,0.962314,0.96335,0.96049,0.961525,969008,82.4326,85.7311
2022-04-18,0.960028,0.966457,0.95682,0.963249,1913298,81.446,84.5534
2022-04-19,0.962785,0.965389,0.961071,0.963675,626807,82.3504,85.4546
2022-04-20,0.962005,0.967643,0.949141,0.95478,970131,81.6858,85.5546
2022-04-21,0.952652,0.96135,0.948999,0.957697,900045,79.961,83.493
2022-04-22,0.957008,0.959874,0.954616,0.957482,1611309,80.1425,83.7012
2022-04-25,0.957918,0.959223,0.956007,0.957312,278692,79.5559,83.1033
2022-04-26,0.956508,0.957595,0.954806,0.955893,1690805,81.2371,84.9856
2022-04-27,0.956528,0.960354,0.954542,0.958367,242176,80.5186,84.0165
2022-04-28,0.957196,0.960054,0.955879,0.958737,768254,80.169,83.6194
2022-04-29,0.95785,0.961406,0.949206,0.952762,1272922,80.5601,84.5542
2022-05-02,0.954424,0.957125,0.949789,0.95249,461607,81.9114,85.9971
2022-05-03,0.954652,0.97863,0.946152,0.97013,1082210,83.3538,85.9203
2022-05-04,0.969094,0.972907,0.967355,0.971168,1994647,81.6257,84.0489
2022-05-05,0.971585,0.978258,0.968863,0.975537,1681775,82.1455,84.2055
2022-05-06,0.974238,0.978632,0.962323,0.966717,254394,80.3431,83.1093
2022-05-09,0.964126,0.967025,0.95976,0.962659,1265172,80.2343,83.3466
2022-05-10,0.964033,0.968974,0.960848,0.965789,1275204,78.4674,81.2469
2022-05-11,0.963883,0.96983,0.961518,0.967465,322804,79.0913,81.7511
2022-05-12,0.967034,0.973076,0.952782,0.958824,1370382,78.6362,82.0132
2022-05-13,0.958749,0.960972,0.956746,0.958969,1137800,77.5566,80.875
2022-05-16,0.957153,0.96627,0.952516,0.961632,1427220,77.7673,80.8701
2022-05-17,0.959293,0.988918,0.948638,0.978263,735503,78.8433,80.5952
2022-05-18,0.977371,0.980682,0.969521,0.972832,660129,77.7506,79.9219
2022-05-19,0.975472,0.981778,0.972453,0.978759,1524725,79.1854,80.9039
2022-05-20,0.979435,0.986266,0.963236,0.970067,1498842,78.6407,81.0673
2022-05-23,0.969377,0.979259,0.964811,0.974693,491092,78.3224,80.356
2022-05-24,0.971997,0.982912,0.967417,0.978332,589519,79.1173,80.8696
2022-05-25,0.978921,0.989052,0.974894,0.985026,1255448,78.238,79.4274
2022-05-26,0.982616,0.985207,0.978676,0.981268,1692268,78.3869,79.8833
2022-05-27,0.981518,1.004884,0.972263,0.995629,563233,78.4982,78.8428
2022-05-30,0.997134,1.001476,0.986685,0.991027,594410,78.0907,78.7978
2022-05-31,0.990572,1.002522,0.958289,0.970238,1654000,78.3004,80.7022
2022-06-01,0.969071,0.97384,0.957266,0.962035,1454070,76.7851,79.8153
2022-06-02,0.959422,0.961401,0.956279,0.958257,1824114,74.6946,77.9483
2022-06-03,0.955525,0.990068,0.943001,0.977544,1610144,76.5786,78.3378
2022-06-06,0.977133,0.981374,0.968403,0.972643,1915900,78.7656,80.981
2022-06-07,0.97488,0.979968,0.964376,0.969464,540102,78.356,80.8241
2022-06-08,0.967975,0.974785,0.964806,0.971615,689488,76.9348,79.1824
2022-06-09,0.972047,0.989098,0.965587,0.982638,628375,76.601,77.9544
2022-06-10,0.983725,0.987881,0.973694,0.97785,299782,76.1772,77.9027
2022-06-13,0.975274,0.979627,0.963702,0.968055,1602386,75.5501,78.0432
2022-06-14,0.96604,0.97894,0.96103,0.97393,1391157,75.0152,77.0232
2022-06-15,0.972944,0.978105,0.958758,0.963919,354798,74.1916,76.9687
2022-06-16,0.964903,0.988959,0.955999,0.980055,556639,75.6969,77.2375
2022-06-17,0.979696,0.989821,0.950926,0.961051,543369,73.4452,76.4217
2022-06-20,0.962402,0.966851,0.951333,0.955783,925274,74.2142,77.6475
2022-06-21,0.957891,0.960737,0.953344,0.95619,1019955,76.4035,79.904
2022-06-22,0.957673,0.959625,0.95371,0.955663,720185,76.8486,80.4139
2022-06-23,0.958486,0.970039,0.953525,0.965079,1874327,77.7239,80.5363
2022-06-24,0.966552,0.975019,0.945544,0.954011,582981,76.8693,80.5749
2022-06-27,0.956027,0.957999,0.953231,0.955203,1211380,78.1054,81.7683
2022-06-28,0.957108,0.962913,0.941376,0.947181,988365,76.271,80.5242
2022-06-29,0.948489,0.954258,0.933416,0.939185,897820,76.9381,81.92
2022-06-30,0.940886,0.94301,0.937672,0.939796,1686421,76.2426,81.1267
2022-07-01,0.942247,0.94468,0.940485,0.942918,1961066,77.9431,82.6617
2022-07-04,0.942777,0.963457,0.935376,0.956056,210576,77.3955,80.9529
2022-07-05,0.956849,0.960246,0.949314,0.952711,1034680,78.8953,82.8114
2022-07-06,0.952796,0.960772,0.93185,0.939826,414480,77.6406,82.6117
2022-07-07,0.941806,0.946523,0.929586,0.934304,980722,78.3064,83.8126
2022-07-08,0.933919,0.935896,0.931206,0.933183,1310660,78.8318,84.4762
2022-07-11,0.934974,0.938541,0.925461,0.929029,940959,78.1828,84.1554
2022-07-12,0.930697,0.932722,0.926802,0.928827,756372,78.4504,84.4618
2022-07-13,0.931401,0.93886,0.927601,0.935059,761924,79.9051,85.4546
2022-07-14,0.933651,0.938168,0.921985,0.926503,739760,79.8375,86.1708
2022-07-15,0.927668,0.930617,0.921985,0.924934,786250,78.0651,84.4007
2022-07-18,0.92636,0.930241,0.924249,0.92813,873175,78.7166,84.812
2022-07-19,0.93056,0.952815,0.922428,0.944683,1438106,77.8568,82.4158
2022-07-20,0.946989,0.973263,0.936734,0.963008,372807,77.7977,80.7861
2022-07-21,0.963433,0.977739,0.957895,0.972201,273504,78.4545,80.6979
2022-07-22,0.972663,0.99195,0.965595,0.984882,1130139,77.2599,78.4459
2022-07-25,0.982916,0.989527,0.9676,0.974211,1427270,74.939,76.9228
2022-07-26,0.976987,0.980323,0.974577,0.977912,665691,75.3786,77.0812
2022-07-27,0.976475,0.98537,0.953375,0.962271,562168,74.9234,77.8611
2022-07-28,0.963568,0.964802,0.961018,0.962252,1324568,72.9218,75.7824
2022-07-29,0.96396,0.966827,0.956822,0.959689,891574,74.0238,77.1331
2022-08-01,0.959351,0.980678,0.95109,0.972417,1524921,74.1609,76.2646
2022-08-02,0.970732,0.973363,0.964617,0.967247,463770,73.3856,75.8706
2022-08-03,0.965442,0.967311,0.96167,0.963539,418002,71.7188,74.4327
2022-08-04,0.9656,0.974587,0.942553,0.951541,1194951,72.159,75.8338
2022-08-05,0.951602,0.955878,0.949495,0.953771,906478,72.8275,76.3574
2022-08-08,0.951426,0.963874,0.946865,0.959313,1512830,75.3361,78.5313
2022-08-09,0.960563,0.973928,0.955737,0.969103,1111028,75.8151,78.2322
2022-08-10,0.96765,0.974808,0.948826,0.955984,838380,75.1263,78.5853
2022-08-11,0.958143,0.962789,0.94751,0.952155,487419,75.1403,78.9161
2022-08-12,0.951067,0.957279,0.947574,0.953785,494149,76.6857,80.4015
2022-08-15,0.95207,0.953054,0.950491,0.951475,1560525,76.7938,80.7102
2022-08-16,0.949105,0.954058,0.935929,0.940881,607710,78.2543,83.1713
2022-08-17,0.940947,0.948529,0.937436,0.945019,1104404,78.4654,83.0305
2022-08-18,0.94474,0.953551,0.941025,0.949836,1672603,77.8159,81.9256
2022-08-19,0.951269,0.97017,0.944027,0.962929,1816103,77.7107,80.7024
2022-08-22,0.962725,0.966063,0.960103,0.963442,681767,78.3359,81.3084
2022-08-23,0.962539,0.985179,0.953958,0.976597,397313,80.6031,82.5347
2022-08-24,0.975201,0.984356,0.950288,0.959443,1594464,78.8601,82.1936
2022-08-25,0.958166,0.961447,0.953064,0.956345,1437097,78.0822,81.6465
2022-08-26,0.9588,0.959641,0.958117,0.958957,796158,78.3491,81.7024
2022-08-29,0.95703,0.985556,0.945986,0.974512,1268420,78.4983,80.5514
2022-08-30,0.977366,0.983488,0.961913,0.968034,539718,79.175,81.7895
2022-08-31,0.967029,0.980783,0.961464,0.975218,1461227,76.6606,78.6086
2022-09-01,0.97281,0.975793,0.970295,0.973278,1509155,76.1941,78.2861
2022-09-02,0.97181,0.994621,0.963211,0.986022,738864,75.4216,76.4908
2022-09-05,0.983409,1.011649,0.973077,1.001316,1043381,73.5723,73.4756
2022-09-06,1.003059,1.012792,0.999112,1.008845,801322,72.8121,72.1738
2022-09-07,1.008921,1.013213,0.999693,1.003985,256299,71.4355,71.1519
2022-09-08,1.003003,1.010297,0.999472,1.006766,429158,71.1732,70.6949
2022-09-09,1.007744,1.016737,1.00412,1.013112,1927896,72.4501,71.5124
2022-09-12,1.013906,1.020683,1.010346,1.017123,1020860,72.6682,71.4449
2022-09-13,1.019807,1.02273,1.01468,1.017602,465956,71.3953,70.1603
2022-09-14,1.020419,1.029607,0.995457,1.004644,279685,70.5983,70.272
2022-09-15,1.005734,1.023647,0.999417,1.017331,836132,71.3949,70.1787
2022-09-16,1.019271,1.020793,1.017545,1.019067,1969076,70.3063,68.9909
2022-09-19,1.020855,1.04958,1.010925,1.03965,892630,70.2266,67.5483
2022-09-20,1.039595,1.04921,1.012079,1.021694,1999028,70.087,68.5988
2022-09-21,1.022947,1.041744,1.015743,1.034539,1080973,70.5173,68.163
2022-09-22,1.031922,1.03595,1.021199,1.025227,1575122,70.8164,69.0739
2022-09-23,1.026814,1.030625,1.017527,1.021338,1613799,69.7874,68.3293
2022-09-26,1.024168,1.033636,0.999421,1.008888,250693,70.3315,69.7119
2022-09-27,1.006376,1.0081,1.00345,1.005174,210962,69.2807,68.9241
2022-09-28,1.007201,1.013868,0.992185,0.998852,1860453,69.8227,69.9029
2022-09-29,1.001447,1.006805,0.990016,0.995375,1878449,69.4216,69.7442
2022-09-30,0.993739,1.029924,0.980545,1.01673,438728,69.1993,68.0607
2022-10-03,1.016881,1.038052,1.008154,1.029325,1362781,68.3048,66.3588
2022-10-04,1.031968,1.03499,1.027508,1.030531,1862722,68.9407,66.8983
2022-10-05,1.033376,1.036427,1.026567,1.029618,1911167,68.2209,66.2584
2022-10-06,1.027319,1.031062,1.020182,1.023926,733475,67.4767,65.9
2022-10-07,1.022998,1.024389,1.020408,1.021798,1671301,67.347,65.9103
2022-10-10,1.023013,1.036928,1.01709,1.031005,1363398,68.566,66.5041
2022-10-11,1.029283,1.030978,1.0277,1.029396,1870108,66.935,65.0236
2022-10-12,1.028314,1.058171,1.017988,1.047846,464095,66.7601,63.7117
2022-10-13,1.044849,1.049316,1.033625,1.038092,1281800,65.7505,63.3378
2022-10-14,1.035934,1.052994,1.028566,1.045627,244081,67.2781,64.3424
2022-10-17,1.046018,1.051293,1.032541,1.037817,843156,67.2957,64.8436
2022-10-18,1.03877,1.042167,1.030364,1.03376,220534,67.5526,65.3465
2022-10-19,1.034684,1.039579,1.021796,1.026691,997245,66.5974,64.8661
2022-10-20,1.028405,1.037977,1.02421,1.033781,1659955,65.3859,63.2493
2022-10-21,1.033256,1.037969,1.02361,1.028324,1384458,64.9474,63.1585
2022-10-24,1.026926,1.032517,1.014266,1.019856,770371,64.4682,63.213
2022-10-25,1.016892,1.018712,1.014225,1.016044,968477,64.4578,63.44
2022-10-26,1.014256,1.015638,1.011969,1.013351,861399,64.0351,63.1914
2022-10-27,1.012211,1.020159,1.009159,1.017108,1517011,64.8497,63.7589
2022-10-28,1.015144,1.023235,1.011479,1.019569,679176,65.0175,63.7695
2022-10-31,1.016634,1.020105,1.01054,1.014011,365326,65.5095,64.6043
2022-11-01,1.011927,1.030677,1.00434,1.02309,1112112,66.4593,64.9593
2022-11-02,1.02411,1.042837,1.016958,1.035685,1693975,65.1578,62.9127
2022-11-03,1.03649,1.041055,1.02628,1.030844,1058846,63.4474,61.549
2022-11-04,1.033539,1.04358,1.006206,1.016247,567539,64.1604,63.1347
2022-11-07,1.018065,1.024433,1.002305,1.008673,282910,64.7912,64.2341
2022-11-08,1.009083,1.010783,1.00708,1.00878,1899105,63.9841,63.4272
2022-11-09,1.006586,1.009184,1.00447,1.007068,1569304,62.4909,62.0523
2022-11-10,1.007455,1.01097,0.999953,1.003468,479982,62.9383,62.7208
2022-11-11,1.000828,1.004522,0.994498,0.998193,333073,63.7015,63.8168
2022-11-14,0.997779,1.003475,0.983372,0.989068,432495,64.8945,65.6118
2022-11-15,0.988417,0.994163,0.97222,0.977966,877757,65.0359,66.5012
2022-11-16,0.977542,1.002011,0.968742,0.993211,1661376,65.6805,66.1295
2022-11-17,0.991899,0.99772,0.977386,0.983208,487772,64.0622,65.1563
2022-11-18,0.984304,0.991413,0.980893,0.988002,1673663,64.6088,65.3934
2022-11-21,0.990023,0.994764,0.978955,0.983697,203401,64.4861,65.5549
2022-11-22,0.985281,0.989951,0.975053,0.979722,1529766,63.8764,65.1985
2022-11-23,0.980473,0.983381,0.973799,0.976707,708347,65.9354,67.5079
2022-11-24,0.976931,0.980106,0.970972,0.974147,1928954,67.5822,69.3757
2022-11-25,0.971406,0.981425,0.966824,0.976843,1056521,68.4131,70.0349
2022-11-28,0.97815,0.992522,0.972489,0.986861,686971,68.3491,69.2591
2022-11-29,0.987127,0.995069,0.983618,0.99156,637265,69.4089,69.9997
2022-11-30,0.990196,0.992079,0.986243,0.988125,1687967,69.6695,70.5067
2022-12-01,0.987105,0.99882,0.982319,0.994035,925396,70.6626,71.0867
2022-12-02,0.996633,1.004535,0.977013,0.984915,833672,70.9599,72.0468
2022-12-05,0.98565,1.006344,0.977209,0.997904,1524202,72.3116,72.4635
2022-12-06,0.99776,1.010772,0.962012,0.975025,1167317,72.1123,73.9595
2022-12-07,0.975732,0.983988,0.972262,0.980518,1394904,72.983,74.4331
2022-12-08,0.98001,0.985707,0.966547,0.972243,1002080,73.0921,75.1789
2022-12-09,0.972069,0.978567,0.956389,0.962887,315203,71.1986,73.9428
2022-12-12,0.961675,0.969228,0.958408,0.965961,210530,71.501,74.0206
2022-12-13,0.965612,0.972897,0.961793,0.969077,270389,71.0425,73.3094
2022-12-14,0.970157,0.988383,0.963657,0.981884,1234031,70.3427,71.6406
2022-12-15,0.979174,0.984884,0.963053,0.968763,1124524,71.0777,73.3695
2022-12-16,0.970478,0.971616,0.969616,0.970754,1545510,72.9176,75.1144
2022-12-19,0.96949,0.980383,0.965331,0.976224,1810348,74.343,76.1536
2022-12-20,0.977293,0.986842,0.972632,0.98218,514194,74.9225,76.2818
2022-12-21,0.983021,0.985003,0.979728,0.981709,1923119,75.9315,77.3462
2022-12-22,0.982608,1.018536,0.969929,1.005856,1876980,76.8818,76.4342
2022-12-23,1.006509,1.027457,0.998603,1.019551,1308686,77.2543,75.7729
2022-12-26,1.022359,1.024378,1.018938,1.020956,1154719,76.0732,74.5117
2022-12-27,1.021007,1.030397,0.995055,1.004444,517987,75.3897,75.0561
2022-12-28,1.005844,1.020703,1.000367,1.015225,520842,75.2362,74.1079
2022-12-29,1.016476,1.021099,1.006271,1.010894,233593,74.3811,73.5795
2022-12-30,1.009294,1.022749,1.004284,1.01774,1362705,74.9981,73.6908
2023-01-02,1.016416,1.022225,1.003128,1.008937,979658,74.8853,74.222
2023-01-03,1.008477,1.014853,1.005742,1.012118,545460,77.3569,76.4307
2023-01-04,1.010768,1.015905,0.999301,1.004437,440925,77.6841,77.3409
2023-01-05,1.003634,1.028253,0.993995,1.018613,314360,77.843,76.4206
2023-01-06,1.017947,1.024445,0.999962,1.006461,1353723,78.2454,77.7431
2023-01-09,1.007088,1.010823,0.997232,1.000966,1433567,78.5262,78.4504
2023-01-10,0.999284,1.006587,0.995246,1.002549,1336944,78.329,78.1298
2023-01-11,1.00438,1.014324,1.000105,1.010049,399250,77.3678,76.5981
2023-01-12,1.00967,1.018452,0.986831,0.995613,274444,76.6645,77.0024
2023-01-13,0.996845,1.018181,0.989364,1.010701,391191,76.5373,75.727
2023-01-16,1.008163,1.02259,1.002637,1.017064,1552876,75.713,74.4427
2023-01-17,1.016881,1.019008,1.013569,1.015696,1531898,76.2628,75.0843
2023-01-18,1.012821,1.0274,1.006415,1.020993,730695,77.0154,75.4318
2023-01-19,1.022071,1.03107,1.018357,1.027356,299364,75.8559,73.836
2023-01-20,1.026393,1.042719,1.019535,1.035861,775521,75.9005,73.2729
2023-01-23,1.038653,1.051071,1.033242,1.04566,1657584,77.7653,74.3696
2023-01-24,1.044556,1.067623,1.036351,1.059418,458150,78.9845,74.5546
2023-01-25,1.059824,1.069039,1.034446,1.043662,1633067,79.4111,76.0889
2023-01-26,1.042142,1.064952,1.033852,1.056661,1034000,79.4272,75.1681
2023-01-27,1.057423,1.070571,1.052057,1.065204,454508,78.9371,74.1051
2023-01-30,1.064994,1.078837,1.059113,1.072956,1881007,78.3863,73.0564
2023-01-31,1.072123,1.077745,1.058165,1.063787,1133085,78.6345,73.9194
2023-02-01,1.061896,1.063317,1.060721,1.062143,1408792,78.3751,73.7896
2023-02-02,1.059667,1.064939,1.047838,1.053109,373925,79.3874,75.3838
2023-02-03,1.050707,1.056585,1.047576,1.053454,868957,79.6613,75.6192
2023-02-06,1.056608,1.064894,1.052757,1.061044,1338628,79.8091,75.2175
2023-02-07,1.060485,1.074493,1.05467,1.068677,1361636,78.2337,73.2061
2023-02-08,1.065484,1.06837,1.058829,1.061715,313274,77.4598,72.9572
2023-02-09,1.064601,1.076085,1.059444,1.070928,1287694,78.0164,72.8493
2023-02-10,1.067844,1.093853,1.058252,1.084261,1900065,78.5097,72.4085
2023-02-13,1.083732,1.093805,1.056129,1.066202,1615491,77.4583,72.6488
2023-02-14,1.067593,1.070498,1.066055,1.06896,573915,77.6782,72.6671
2023-02-15,1.071619,1.081016,1.047006,1.056403,1842684,76.9824,72.8722
2023-02-16,1.057753,1.077447,1.049972,1.069666,1429210,76.9628,71.9503
2023-02-17,1.069432,1.072269,1.06344,1.066276,302501,77.1023,72.3099
2023-02-20,1.069312,1.077473,1.049524,1.057685,430924,76.1027,71.9522
2023-02-21,1.054761,1.060385,1.042484,1.048107,1858266,76.2257,72.727
2023-02-22,1.051169,1.06004,1.047707,1.056577,577273,76.9613,72.8403
2023-02-23,1.058792,1.065799,1.041734,1.048742,374167,75.6368,72.1214
2023-02-24,1.051441,1.058851,1.031886,1.039297,1011709,74.7867,71.9589
2023-02-27,1.037768,1.049254,1.0322,1.043686,1146090,76.0073,72.8258
2023-02-28,1.041447,1.049908,1.018014,1.026475,1231573,74.3554,72.4376
2023-03-01,1.027481,1.035297,1.006187,1.014002,1385956,72.2515,71.2538
2023-03-02,1.014099,1.01835,1.004136,1.008387,1997953,70.2796,69.6951
2023-03-03,1.008527,1.042171,0.9966,1.030244,1566634,71.3137,69.2202
2023-03-06,1.032869,1.046834,0.994774,1.008739,246667,70.4001,69.7902
2023-03-07,1.009466,1.014002,0.99879,1.003327,359432,69.8702,69.6385
2023-03-08,1.002189,1.00531,0.994708,0.997828,200565,70.6395,70.7933
2023-03-09,0.99723,1.000811,0.989489,0.993071,911424,67.8584,68.3319
2023-03-10,0.990887,1.010554,0.982809,1.002477,830660,68.3722,68.2033
2023-03-13,1.000626,1.002941,0.997851,1.000166,1880374,69.3982,69.3867
2023-03-14,0.998026,1.001607,0.990259,0.99384,859081,67.7924,68.2126
2023-03-15,0.995691,0.999186,0.993809,0.997305,255177,67.5272,67.7097
2023-03-16,0.998531,1.000742,0.993608,0.995819,1790907,66.7813,67.0617
2023-03-17,0.996001,1.002455,0.981096,0.98755,668490,65.7704,66.5995
2023-03-20,0.986806,1.008334,0.978349,0.999878,1842648,66.1144,66.1225
2023-03-21,1.000889,1.007894,0.997453,1.004458,1594006,67.5175,67.2178
2023-03-22,1.006344,1.013398,0.989684,0.996738,1784944,69.2478,69.4745
2023-03-23,0.999018,1.01817,0.992133,1.011285,1675495,69.1614,68.3896
2023-03-24,1.01157,1.01626,1.001254,1.005943,457721,71.0213,70.6017
2023-03-27,1.007874,1.013716,0.992212,0.998054,1327125,70.9247,71.063
2023-03-28,0.998122,1.006386,0.994871,1.003135,941788,72.1694,71.9439
2023-03-29,1.002982,1.022595,0.995476,1.015089,1331798,72.1353,71.0631
2023-03-30,1.017314,1.024827,0.997338,1.004851,1542593,72.1302,71.782
2023-03-31,1.004166,1.008282,0.996585,1.000701,1101721,71.5858,71.5356
2023-04-03,1.000076,1.003961,0.990703,0.994589,762699,74.0482,74.4511
2023-04-04,0.993425,1.000343,0.976859,0.983778,1849399,74.7109,75.9428
2023-04-05,0.983888,0.990809,0.980267,0.987188,1393828,74.5357,75.5031
2023-04-06,0.987453,0.989945,0.983599,0.98609,1793976,75.5449,76.6105
2023-04-07,0.98704,0.994873,0.968111,0.975943,626857,74.815,76.6591
2023-04-10,0.975536,0.982144,0.958251,0.964859,1708865,73.8696,76.56
2023-04-11,0.963226,0.977649,0.957589,0.972012,782154,75.3322,77.5013
2023-04-12,0.974152,0.977302,0.966293,0.969443,1028875,75.3084,77.6821
2023-04-13,0.968548,0.978153,0.941733,0.951338,1748773,74.2548,78.053
2023-04-14,0.953753,0.956476,0.949888,0.952611,838492,74.292,77.9878
2023-04-17,0.950938,0.964309,0.945555,0.958926,650916,75.0176,78.2308
2023-04-18,0.959272,0.962886,0.950686,0.954301,1847988,74.9432,78.5321
2023-04-19,0.95451,0.956985,0.953091,0.955567,1935783,73.245,76.6509
2023-04-20,0.957451,0.961675,0.947576,0.9518,759938,74.0125,77.7605
2023-04-21,0.949738,0.953492,0.942132,0.945886,751267,72.672,76.8295
2023-04-24,0.948213,0.975848,0.93831,0.965945,609810,72.0277,74.5671
2023-04-25,0.966127,0.976564,0.961342,0.97178,242350,72.1153,74.2095
2023-04-26,0.972282,0.979613,0.968693,0.976024,1195188,72.0773,73.8479
2023-04-27,0.976084,0.983852,0.956784,0.964551,658821,71.4316,74.0568
2023-04-28,0.961866,0.96781,0.95924,0.965184,1728348,71.6692,74.2544
2023-05-01,0.965167,0.975369,0.937905,0.948106,508168,69.9662,73.7958
2023-05-02,0.946761,0.948263,0.94575,0.947253,1343491,69.4971,73.367
2023-05-03,0.946358,0.95641,0.942229,0.95228,1112288,68.9062,72.3591
2023-05-04,0.953132,0.962601,0.928382,0.93785,1301466,68.8606,73.4239
2023-05-05,0.937837,0.962756,0.92841,0.953329,402888,69.81,73.2276
2023-05-08,0.951003,0.97112,0.943734,0.963852,1039795,69.2841,71.8825
2023-05-09,0.961383,0.970058,0.939561,0.948236,1326887,69.2019,72.9796
2023-05-10,0.946448,0.953359,0.943759,0.95067,813694,69.8512,73.4757
2023-05-11,0.948907,0.952941,0.946491,0.950525,1774818,68.0682,71.6112
2023-05-12,0.951143,0.958313,0.947183,0.954353,1153161,66.7909,69.9856
2023-05-15,0.952508,0.970217,0.945601,0.96331,852533,66.6692,69.2085
2023-05-16,0.965516,0.970932,0.953299,0.958714,255476,66.5894,69.457
2023-05-17,0.957045,0.962633,0.943488,0.949076,503286,66.0566,69.6009
2023-05-18,0.946748,0.95103,0.944015,0.948296,1057865,66.2407,69.8523
2023-05-19,0.950434,0.965721,0.94418,0.959467,920044,66.8578,69.6822
2023-05-22,0.958289,0.962074,0.950526,0.954311,1768726,67.0231,70.2319
2023-05-23,0.953884,0.970757,0.947645,0.964518,1614740,66.532,68.9795
2023-05-24,0.967175,0.977259,0.962527,0.972611,486146,65.324,67.1635
2023-05-25,0.975205,0.98223,0.972226,0.979251,1264677,65.2067,66.5883
2023-05-26,0.980514,0.983808,0.97545,0.978744,1017932,65.7969,67.2259
2023-05-29,0.976212,0.989664,0.971101,0.984553,382057,67.1028,68.1555
2023-05-30,0.985105,0.988494,0.983335,0.986724,1398643,66.6834,67.5806
2023-05-31,0.989619,1.0077,0.982114,1.000194,1166936,65.7106,65.6978
2023-06-01,1.002876,1.00812,0.989106,0.99435,357424,64.1043,64.4686
2023-06-02,0.991999,0.999739,0.97117,0.978911,1042553,63.017,64.3746
2023-06-05,0.9783,0.983081,0.967709,0.97249,1517001,62.3148,64.0776
2023-06-06,0.971413,0.98152,0.967512,0.977618,788802,62.4208,63.8499
2023-06-07,0.975446,0.981432,0.972917,0.978903,842402,62.4816,63.8282
2023-06-08,0.980047,0.985689,0.977201,0.982844,398289,62.2068,63.2927
2023-06-09,0.98151,0.987446,0.96562,0.971556,567809,62.8497,64.6897
2023-06-12,0.970652,0.980655,0.966685,0.976688,1966001,62.2737,63.7601
2023-06-13,0.974287,0.978141,0.963731,0.967584,1317438,61.4019,63.459
2023-06-14,0.967572,0.97151,0.965458,0.969395,516877,62.045,64.0039
2023-06-15,0.967407,0.96952,0.963263,0.965376,1068953,60.7562,62.9353
2023-06-16,0.964983,0.965905,0.963301,0.964223,546937,60.8104,63.0667
2023-06-19,0.96216,0.969641,0.958544,0.966025,996932,61.2728,63.4278
2023-06-20,0.968655,0.97147,0.963601,0.966415,462048,60.7793,62.8916
2023-06-21,0.964357,0.968272,0.953838,0.957754,1313843,62.061,64.7985
2023-06-22,0.95788,0.96488,0.939025,0.946025,1226347,60.8466,64.3181
2023-06-23,0.944305,0.946861,0.940876,0.943431,1340182,61.9422,65.6563
2023-06-26,0.941033,0.94957,0.937139,0.945675,998605,61.6766,65.2197
2023-06-27,0.943986,0.945688,0.942585,0.944287,714758,60.5423,64.1143
2023-06-28,0.941765,0.958046,0.93543,0.951711,649202,60.4506,63.5178
2023-06-29,0.949652,0.956313,0.946849,0.95351,587261,59.9936,62.9187
2023-06-30,0.953473,0.979631,0.943381,0.969539,972962,59.7955,61.6742
2023-07-03,0.970422,0.973748,0.964952,0.968278,1012630,60.247,62.2207
2023-07-04,0.965881,0.969541,0.959369,0.96303,1412339,60.3105,62.6257
2023-07-05,0.962689,0.968703,0.946454,0.952467,294382,59.841,62.8273
2023-07-06,0.952932,0.98847,0.940356,0.975894,707060,61.3754,62.8914
2023-07-07,0.974338,1.010537,0.961726,0.997924,1734724,63.2826,63.4143
2023-07-10,0.997158,0.999623,0.995595,0.99806,1847442,64.8214,64.9474
2023-07-11,0.995496,0.999992,0.984313,0.988809,1875630,64.8178,65.5514
2023-07-12,0.987149,0.989923,0.982306,0.98508,751423,65.8816,66.8795
2023-07-13,0.984884,0.988378,0.976122,0.979617,446835,64.4202,65.7606
2023-07-14,0.9825,0.985135,0.979186,0.981821,556722,64.1783,65.3665
2023-07-17,0.984745,0.986789,0.983599,0.985643,437374,63.9054,64.8363
2023-07-18,0.98848,0.998548,0.984783,0.994851,1918222,64.2668,64.5994
2023-07-19,0.994392,0.99776,0.988673,0.992041,1790097,63.348,63.8562
2023-07-20,0.989545,0.994414,0.978691,0.98356,1659009,62.9457,63.9978
2023-07-21,0.982519,0.996686,0.976996,0.991163,1513643,64.8395,65.4176
2023-07-24,0.989603,0.994664,0.986799,0.991859,817647,65.2592,65.7949
2023-07-25,0.988967,1.004693,0.983095,0.998821,1056238,65.6536,65.7311
2023-07-26,0.996395,1.016464,0.989142,1.009212,1714577,66.065,65.462
2023-07-27,1.008928,1.014778,1.006005,1.011855,1665861,66.1099,65.3354
2023-07-28,1.010881,1.018487,1.00753,1.015136,1133865,65.6758,64.6966
2023-07-31,1.013189,1.030725,1.006162,1.023699,1707611,66.2568,64.7229
2023-08-01,1.025026,1.063366,1.011591,1.04993,824154,68.4809,65.2242
2023-08-02,1.04903,1.057163,1.028417,1.03655,944302,69.2563,66.8143
2023-08-03,1.038738,1.050038,1.033555,1.044855,1711300,70.1128,67.1029
2023-08-04,1.043231,1.06816,1.034333,1.059262,877564,70.7818,66.8218
2023-08-07,1.059506,1.060552,1.058743,1.059788,1553897,69.3542,65.4415
2023-08-08,1.05778,1.065943,1.036169,1.044333,1015914,68.3593,65.4574
2023-08-09,1.044303,1.050213,1.030822,1.036731,736174,68.1394,65.7252
2023-08-10,1.034569,1.040614,1.031308,1.037353,593901,68.6255,66.1544
2023-08-11,1.035247,1.039289,1.032584,1.036626,1292021,68.9611,66.5245
2023-08-14,1.037324,1.039212,1.034367,1.036255,1063387,70.1039,67.6512
2023-08-15,1.034786,1.047295,1.029943,1.042451,864902,71.0087,68.1171
2023-08-16,1.040402,1.042437,1.03755,1.039584,1537681,72.1727,69.4245
2023-08-17,1.042265,1.043487,1.040492,1.041714,201893,72.4419,69.541
2023-08-18,1.038858,1.047739,1.034539,1.043421,365948,71.9082,68.9159
2023-08-21,1.043828,1.046927,1.042173,1.045272,1931268,72.3533,69.2197
2023-08-22,1.045574,1.047661,1.041573,1.04366,1394353,69.3855,66.4829
2023-08-23,1.042098,1.050783,1.019155,1.027839,1189332,69.1491,67.2762
2023-08-24,1.027548,1.037199,1.023316,1.032967,226521,66.0538,63.9457
2023-08-25,1.030412,1.047677,1.023477,1.040741,1277178,64.9435,62.4012
2023-08-28,1.042123,1.052829,1.01282,1.023526,982633,64.7059,63.2186
2023-08-29,1.021817,1.024293,1.019398,1.021874,1279804,64.8653,63.4768
2023-08-30,1.019994,1.025179,1.008862,1.014047,273800,63.9358,63.0501
2023-08-31,1.01292,1.027901,1.006389,1.02137,1191154,63.3692,62.0433
2023-09-01,1.023836,1.030774,1.020318,1.027257,1240163,64.6904,62.9739
2023-09-04,1.029084,1.045172,1.022496,1.038584,722086,65.0549,62.6381
2023-09-05,1.041368,1.053597,1.00819,1.020418,298122,65.9455,64.6259
2023-09-06,1.021349,1.023836,1.019586,1.022073,1948837,66.7518,65.3102
2023-09-07,1.023073,1.049361,1.013517,1.039805,1476895,67.8405,65.2435
2023-09-08,1.03968,1.055638,1.033183,1.049141,1319003,69.5745,66.3156
2023-09-11,1.051692,1.060718,1.048295,1.057321,1580760,69.7148,65.9354
2023-09-12,1.05739,1.058884,1.053993,1.055488,1407658,68.4884,64.8879
2023-09-13,1.05457,1.057097,1.051632,1.05416,441908,68.7213,65.1906
2023-09-14,1.055048,1.067715,1.050405,1.063073,1018626,68.7382,64.66
2023-09-15,1.063367,1.065552,1.06154,1.063725,1799605,67.3616,63.3262
2023-09-18,1.061325,1.064128,1.056582,1.059385,718150,67.4484,63.6676
2023-09-19,1.058703,1.075706,1.052396,1.069399,1949975,67.1912,62.8308
2023-09-20,1.068202,1.074535,1.054061,1.060394,315828,66.7274,62.9269
2023-09-21,1.062601,1.07533,1.05773,1.070459,795301,67.3118,62.8812
2023-09-22,1.069681,1.080933,1.040699,1.051951,830414,66.692,63.3983
2023-09-25,1.053981,1.062667,1.049656,1.058342,1311351,67.0846,63.3865
2023-09-26,1.057976,1.060406,1.052758,1.055188,516975,67.0813,63.5729
2023-09-27,1.056793,1.06395,1.036995,1.044152,612453,67.6397,64.7796
2023-09-28,1.041867,1.043682,1.038781,1.040595,1391758,66.9089,64.2986
2023-09-29,1.043246,1.061617,1.036212,1.054583,712336,66.4589,63.0192
2023-10-02,1.05446,1.063251,1.050829,1.05962,1782206,67.6295,63.8243
2023-10-03,1.058093,1.062319,1.050684,1.054911,1766346,66.1328,62.6904
2023-10-04,1.053274,1.059548,1.036454,1.042728,744958,64.4998,61.8568
2023-10-05,1.041258,1.043761,1.038248,1.040751,1207907,64.8762,62.336
2023-10-06,1.039919,1.071817,1.028708,1.060606,799188,66.0301,62.257
2023-10-09,1.06199,1.067468,1.050752,1.05623,820769,64.699,61.2546
2023-10-10,1.05908,1.065037,1.043203,1.049161,1406656,64.5299,61.5062
2023-10-11,1.050225,1.062847,1.015119,1.027742,727625,64.4339,62.6946
2023-10-12,1.028032,1.038997,0.998402,1.009367,468688,64.4415,63.8435
2023-10-13,1.009056,1.013165,0.998212,1.002321,666408,64.9339,64.7835
2023-10-16,1.004295,1.007532,0.998862,1.002098,1872987,63.7653,63.6318
2023-10-17,1.004201,1.00855,0.993248,0.997597,666781,63.7892,63.9429
2023-10-18,0.996358,1.010375,0.990615,1.004632,854924,63.6748,63.3813
2023-10-19,1.007365,1.009246,1.005664,1.007544,1331871,63.2354,62.7619
2023-10-20,1.00691,1.032125,0.997343,1.022558,382159,64.864,63.4331
2023-10-23,1.024399,1.037981,1.019451,1.033033,683225,66.6954,64.5627
2023-10-24,1.035926,1.0462,1.03192,1.042193,514431,68.2739,65.5099
2023-10-25,1.043467,1.047854,1.032009,1.036397,1863852,69.1586,66.7298
2023-10-26,1.034292,1.050072,1.028264,1.044044,1878942,69.7044,66.7639
2023-10-27,1.044583,1.049595,1.042361,1.047373,1560321,70.5525,67.3614
2023-10-30,1.044977,1.065277,1.036559,1.056859,644814,71.8755,68.0086
2023-10-31,1.058693,1.083463,1.049343,1.074114,1309547,72.9575,67.9234
2023-11-01,1.072705,1.077198,1.069955,1.074449,1392083,72.5726,67.544
